,_id,ltable_id,rtable_id,ltable_Name,ltable_Sale Price,ltable_Category,ltable_Author,ltable_ISBN10,ltable_Pages,ltable_Publisher,ltable_Language,ltable_Dimensions,ltable_Weight,ltable_Rating,rtable_Name,rtable_Sale Price,rtable_Category,rtable_Author,rtable_ISBN10,rtable_Pages,rtable_Publisher,rtable_Language,rtable_Dimensions,rtable_Weight,rtable_Rating,gold_labels
21981,21981,2728,812,Ceremony in Death Mass Market Paperback ,7.19,"Books > Mystery, Thriller & Suspense > Mystery",J. D. Robb,425157628,336.0,Berkley; Reissue edition ,English,4.2 x 0.9 x 6.8 inches,9.6 ounces,4.7,Creation in Death,7.19,Books > Literature & Fiction > Fiction > Romance > Suspense > Best seller ranking: > # > 24161 >  > in > Books > # > 296 >  > in > Books > Mystery & Suspense > # > 77 >  > in > Books > Mystery & Suspense > Women Sleuths,J. D. Robb,5221029,384.0,BerkleyPenguin Publishing Group,English,6.75 x 4.19 x 1.06 Inches (US),,5.0,0
41794,41794,70,1503,Lincoln in the Bardo,10.7,Books > Literature & Fiction > Genre Fiction,George Saunders,812985400,368.0,Random House Trade Paperbacks; Reprint edition ,English,5.5 x 0.8 x 8.2 inches,11.4 ounces,3.6,Lincoln in the Bardo,10.7,Books > Literature & Fiction > Fiction > Historical,"Saunders, George",812985400,350.0,Random House Inc,English,8.00 x 5.00 x 0.75 Inches,,,1
39363,39363,2260,1414,Tears of the Moon Gallaghers of Ardmore Trilogy,11.58,Books > Literature & Fiction > Women's Fiction,Nora Roberts,425271595,352.0,Berkley; Reissue edition ,English,5.6 x 0.9 x 8.2 inches,8.8 ounces,4.7,Stars of Fortune,10.52,Books > Literature & Fiction > Fiction > Romance > General > Best seller ranking: > # > 1600 >  > in > Books > # > 31 >  > in > Books > Romance > # > 4 >  > in > Books > Romance > General,"Roberts, Nora",425280101,,Penguin Group USA,English,,,4.6667,0
47784,47784,645,1724,The Cartel 3,11.51,Books > Literature & Fiction > United States,Ashley & JaQuavis,1601622570,224.0,Urban Books ,English,5.5 x 0.7 x 8.2 inches,7.2 ounces,4.4,CARTEL 6,10.98,Books > Literature & Fiction > Fiction > Action & Adventure > Best seller ranking: > # > 12956 >  > in > Books > # > 644 >  > in > Books > ARCHIVE > # > 168 >  > in > Books > ARCHIVE > Books Misc,Ashley JaQuavis,66999,320.0,St. Martin's PressSt. Martin's Griffin,English,8.25 x 5.54 x 0.88 Inches (US),,5.0,0
48268,48268,132,1750,Ballistic Gray Man,13.47,Books > Literature & Fiction > Action & Adventure,Mark Greaney,425244083,496.0,Berkley; Original edition ,English,5.3 x 1.1 x 8 inches,13.6 ounces,4.5,GUNMETAL GRAY,5.07,"Books > Literature & Fiction > Fiction > Mysteries, Thrillers & Suspense > Thrillers & Suspense > Espionage","GREANEY, MARK",045148973X,528.0,Penguin Group USA,English,8.00 x 5.50 x 0.75 Inches,,,0
56267,56267,1724,2025,"Heir of Novron, Vol. 3Riyria Revelations",14.46,Books > Literature & Fiction > Action & Adventure,Michael J. Sullivan,316187712,960.0,Orbit; 1 edition ,English,5.5 x 1.8 x 8.2 inches,1.8 pounds,4.8,Age of Swords,20.91,Books > Literature & Fiction > Fiction > Action & Adventure,"Sullivan, Michael J.",1101965363,470.0,Random House Inc,English,9.50 x 6.50 x 1.50 Inches,,,0
42487,42487,2809,1530,Me Before You and After You Boxed Set Paperback ,24.55,Books > Literature & Fiction > Women's Fiction,Jojo Moyes,143131001,800.0,Penguin Books; Reprint edition ,English,5.6 x 1.9 x 8.6 inches,1.8 pounds,4.4,Yo Antes de Ti = Me Before You,16.14,Books > Literature & Fiction > Fiction > Romance > Contemporary,"Moyes, Jojo",6071132800,487.0,Penguin Random House Grupo USA,Spanish,9.25 x 6.00 x 1.25 Inches,,,0
4613,4613,1724,155,"Heir of Novron, Vol. 3Riyria Revelations",14.46,Books > Literature & Fiction > Action & Adventure,Michael J. Sullivan,316187712,960.0,Orbit; 1 edition ,English,5.5 x 1.8 x 8.2 inches,1.8 pounds,4.8,The Fellowship Of The Ring,10.63,Books > Literature & Fiction > Fiction > Science Fiction & Fantasy > Fantasy > Epic,"Tolkien, J. R. R.",8574943,506.0,Houghton Mifflin Harcourt,English,5.25 x 8.25 x 1.50 Inches,,,0
36298,36298,1031,1287,The Hard Way Jack Reacher,8.98,Books > Literature & Fiction > Action & Adventure,Lee Child,440246008,512.0,Dell; Reprint edition ,English,4.2 x 1.1 x 7.5 inches,9.6 ounces,4.5,Lee Child Jack Reacher Books 1-3,21.61,"Books > Literature & Fiction > Fiction > Mysteries, Thrillers & Suspense > Thrillers & Suspense > General",Lee Child,5154115,,BerkleyPenguin Publishing Group,English,7.60 x 4.35 x 3.63 Inches (US),,,0
75226,75226,602,2888,"Children of Dune Dune Chronicles, Book Three",9.26,Books > Science Fiction & Fantasy > Fantasy,Frank Herbert,441104029,416.0,Ace ,English,4.2 x 1.1 x 6.9 inches,4.8 ounces,4.3,Marvel Little Golden Book Favorites,4.26,Seasonal > Avengers > Avengers - Shop all,"Berrios, Frank Cagol, Andrea Legramandi, Francesco",030797653X,80.0,Random House Childrens Books,English,6.75 x 8.25 x 0.50 Inches,,,0
9112,9112,2874,316,Tales of the South Pacific Paperback ,13.6,Books > Literature & Fiction > Genre Fiction,James A. Michener,812986350,384.0,Dial Press Trade Paperback ,English,5.8 x 0.8 x 8.4 inches,11.4 ounces,4.5,Promise of the Witch-king,7.99,"Books > Children's & Kids' Books > Children's Science Fiction, Fantasy & Magic Books","Salvatore, R. A.",6940731,378.0,Wizards of the Coast,English,6.75 x 4.00 x 0.75 Inches,,,0
3340,3340,1943,109,12th of Never Women's Murder Club,12.0,"Books > Mystery, Thriller & Suspense > Thrillers & Suspense",James Patterson,1455515795,432.0,Grand Central Publishing; 1st Printing edition ,English,5.2 x 1.2 x 8 inches,12.8 ounces,4.5,An Echo of Things to Come,19.89,Books > Literature & Fiction > Fiction > Science Fiction & Fantasy > Fantasy > Epic,James Islington,316274119,752.0,Orbit,English,9.50 x 6.50 x 2.25 Inches (US),,,0
60273,60273,1549,2144,Sword Art Online 12 light novel,9.8,Books > Teen & Young Adult > Literature & Fiction,Reki Kawahara,316390453,216.0,Yen On ,English,5.5 x 0.6 x 8.2 inches,7.7 ounces,4.8,Sword Art Online Progressive The Novel 1,12.53,Books > Literature & Fiction > Fiction > Science Fiction & Fantasy > Science Fiction > Action & Adventure,Reki Kawahara,6259362,368.0,Yen PressYen On,English,8.25 x 5.50 x 1.00 Inches (US),,,0
5719,5719,1448,187,"A Storm of Swords A Song of Ice and Fire, Book 3",8.15,Books > Literature & Fiction > Action & Adventure,George R. R. Martin,055357342X,1216.0,Bantam ,English,4.1 x 1.9 x 6.9 inches,1.2 pounds,4.7,Sea of Swords,7.06,Books > Literature & Fiction > Fiction > Science Fiction & Fantasy > Fantasy > Epic,"Salvatore, R. A.",6951214,407.0,Wizards of the Coast,English,7.00 x 4.00 x 1.25 Inches,,,0
42807,42807,3080,1542,The Tea Girl of Hummingbird Lane,15.12,Books > Literature & Fiction > Genre Fiction,Lisa See,1501154826,,Scribner; 1st edition ,English,6 x 1.2 x 9 inches,1.1 pounds,4.5,Sliver of Truth,7.99,"Books > Literature & Fiction > Fiction > Mysteries, Thrillers & Suspense > Mystery & Detective > Women Sleuths","Unger, Lisa",7949688,431.0,Random House,English,7.00 x 4.25 x 1.25 Inches,,,0
21158,21158,1847,785,The Dark Tower III,8.99,Books > Literature & Fiction > Genre Fiction,Stephen King,1501161822,720.0,Pocket Books ,English,4.1 x 1 x 7.5 inches,14.1 ounces,4.3,Dark Tower V,16.22,Books > Literature & Fiction > Fiction > Science Fiction & Fantasy > Fantasy > Dark Fantasy,Stephen King,743251628,736.0,Scribner,English,8.38 x 139.70 x 45.72 Inches (US),,5.0,0
14452,14452,2231,501,The Last Watchman of Old Cairo,16.85,Books > Literature & Fiction > Genre Fiction,Michael David Lukas,399181164,288.0,Spiegel & Grau ,English,6 x 1 x 8.6 inches,14.1 ounces,4.4,LAST JEDI,7.99,Books > Literature & Fiction > Fiction > Science Fiction & Fantasy > Science Fiction > Space Opera,"REAVES, MICHAEL",5511409,496.0,Random House,English,7.00 x 4.25 x 1.25 Inches,,5.0,0
17888,17888,2128,641,"Wizard's First Rule Sword of Truth, Book 1",5.63,Books > Literature & Fiction > Action & Adventure,Terry Goodkind,812548051,848.0,Tor Books ,English,4.3 x 1.8 x 6.8 inches,14.4 ounces,4.5,Wards of Faerie,7.99,Books > Literature & Fiction > Fiction > Action & Adventure,"Brooks, Terry",5523482,448.0,Random House,English,7.00 x 4.25 x 1.25 Inches,,,0
28274,28274,1272,1036,Saga Book Two Hardcover ,31.56,Books > Comics & Graphic Novels > Graphic Novels,Brian K Vaughan,1632159031,,Image Comics; Deluxe edition ,English,7.4 x 1.1 x 10.9 inches,3.2 pounds,5.0,Saga 5,11.69,Books > Literature & Fiction > Fiction > Science Fiction & Fantasy > Science Fiction > General > Best seller ranking: > # > 12235 >  > in > Books > # > 610 >  > in > Books > ARCHIVE > # > 159 >  > in > Books > ARCHIVE > Books Misc,"Staples, Fiona Vaughan, Brian K.",215438X,144.0,Diamond Comic Distributors,,6.50 x 10.00 x 0.25 Inches,,,0
72949,72949,1417,2718,The Song of Achilles,9.34,Books > Literature & Fiction > Genre Fiction,Madeline Miller,62060627,416.0,Ecco; 7/29/12 edition ,English,5.3 x 0.9 x 8 inches,12 ounces,4.3,The Big Book of Graphic Novels for Minecrafters,18.64,Books > Children's & Kids' Books > Children's Comic Books & Graphic Novels > General,"Stevens, Cara J. Miller, Megan",1510727159,576.0,Two Rivers Distribution,English,9.00 x 6.00 x 1.50 Inches,,,0
70554,70554,798,2546,The Tower of Swallows The Witcher,10.87,Books > Literature & Fiction > Action & Adventure,Andrzej Sapkowski David French,316273716,464.0,Orbit ,English,5.5 x 1.2 x 8.2 inches,14.4 ounces,4.5,My First Book of Super Villains,10.03,Books > Children's & Kids' Books > Children's Comic Books & Graphic Novels > Superheroes,David Bar Katz Morris Katz,5703187,20.0,Downtown Bookworks,English,165.10 x 203.20 x 15.24 Millimeters,,,0
63178,63178,996,2263,Age of Myth,8.98,Books > Literature & Fiction > Action & Adventure,Michael J. Sullivan,1101965355,464.0,Del Rey ,English,4.2 x 1.1 x 7.5 inches,7.8 ounces,4.5,The Art of the Hobbit,36.38,Books > Literature & Fiction > Fiction > Science Fiction & Fantasy > Fantasy > General,"Tolkien, J. R. R.",7440812,143.0,Harper Collins,,10.66 x 10.50 x 0.80 Inches,,,0
4873,4873,422,162,"The Tombs of Atuan The Earthsea Cycle, Book 2",7.48,Books > Teen & Young Adult > Science Fiction & Fantasy,Ursula K. Le Guin,689845367,192.0,Aladdin Paperbacks; Reprint edition ,English,4.2 x 0.6 x 7 inches,3.4 ounces,4.5,Do Androids Dream of Electric Sheep?,12.69,Books > Literature & Fiction > Fiction > Science Fiction & Fantasy > Science Fiction > General,Philip K. Dick,5404473,256.0,Ballantine Books,English,8.25 x 5.25 x 0.75 Inches,,,0
2228,2228,497,75,Camino Island,12.25,"Books > Mystery, Thriller & Suspense > Thrillers & Suspense",John Grisham,385543026,,Doubleday; 1st Edition edition ,English,6.4 x 1.1 x 9.5 inches,14.4 ounces,3.9,CAMINO ISLAND,9.99,"Books > Literature & Fiction > Fiction > Mysteries, Thrillers & Suspense > Thrillers & Suspense > Suspense","GRISHAM, JOHN",1524797154,368.0,,,,,,1
51096,51096,2108,1840,Glory in Death Mass Market Paperback ,6.94,"Books > Mystery, Thriller & Suspense > Mystery",J. D. Robb,425150984,320.0,Berkley; Reissue edition ,English,4.2 x 0.9 x 6.8 inches,4 ounces,4.6,Fantasy in Death,7.99,Books > Literature & Fiction > Fiction > Romance > Suspense,J. D. Robb,5235890,368.0,BerkleyPenguin Publishing Group,English,,,,0
10914,10914,229,379,"Mistborn Trilogy Boxed Set Mistborn, The Hero of Ages, & The Well of Ascension",18.09,Books > Science Fiction & Fantasy > Fantasy,Brandon Sanderson,076536543X,,Tor Fantasy; Box edition ,English,4.2 x 3.7 x 6.9 inches,2.4 pounds,4.6,Mistborn Trilogy,18.09,Books > Literature & Fiction > Fiction > Science Fiction & Fantasy > Fantasy > Epic > Best seller ranking: > # > 2245 >  > in > Books > # > 160 >  > in > Books > Literature & Fiction > # > 20 >  > in > Books > Literature & Fiction > Fantasy,"Sanderson, Brandon",076536543X,0.0,Tor Books,English,7.25 x 4.50 x 4.00 Inches,,4.75,1
44360,44360,2254,1606,Conspiracy in Death Mass Market Paperback ,7.58,"Books > Mystery, Thriller & Suspense > Mystery",J. D. Robb,425168131,400.0,Berkley; Reissue edition ,English,4.2 x 1.1 x 6.8 inches,7 ounces,4.7,Naked in Death,7.99,Books > Literature & Fiction > Fiction > Romance > Suspense > Best seller ranking: > # > 14780 >  > in > Books > # > 151 >  > in > Books > Mystery & Suspense > # > 17 >  > in > Books > Mystery & Suspense > General,J. D. Robb,5148295,320.0,BerkleyPenguin Publishing Group,English,,,5.0,0
75835,75835,257,2933,"The Wheel of Time, Boxed Set II, Books 4-6",16.32,Books > Science Fiction & Fantasy > Fantasy,Robert Jordan,812540115,,Tor Books; 1 edition ,English,4.2 x 4.9 x 6.9 inches,3.1 pounds,4.7,The Heroes of Olympus 2,15.11,"Books > Children's Books > Science Fiction, Fantasy & Magic",Robert Venditti Rick Riordan,4716216,192.0,Disney-Hyperion,English,,,,0
9346,9346,2271,328,Forever My Girl The Beaumont Series,13.49,Books > Romance > Contemporary,Heidi McLaughlin,692909028,250.0,Heidi McLaughlin; 11/26/12 edition ,English,5 x 0.6 x 8 inches,7 ounces,4.5,My Kind of Forever,12.59,Books > Literature & Fiction > Fiction > Romance > Contemporary,"McLaughlin, Heidi",990678849,352.0,Heidi McLaughlin,English,5.00 x 0.73 x 8.00 Inches,,,0
1653,1653,778,61,"A Clash of Kings A Song of Ice and Fire, Book 2",9.79,Books > Literature & Fiction > Action & Adventure,George R. R. Martin,553579908,1040.0,Bantam; Reissue edition ,English,4.2 x 1.6 x 6.9 inches,1.1 pounds,4.6,The Queen of Swords,7.49,Books > Literature & Fiction > Fiction > Science Fiction & Fantasy > Fantasy > Historical,R. S. Belcher,5390094,368.0,Tom Doherty AssociatesTor Books,English,239.27 x 6.47 x 1.25 Millimeters,,,0
66751,66751,2067,2383,The Coming of Conan the Cimmerian,14.45,Books > Literature & Fiction > Action & Adventure,Robert E. Howard Mark Schultz,345461517,463.0,Del Rey ,English,6.1 x 1 x 9.2 inches,1.5 pounds,4.5,A Memory of Light,8.99,Books > Literature & Fiction > Fiction > Science Fiction & Fantasy > Fantasy > Epic > Best seller ranking: > # > 7953 >  > in > Books > # > 716 >  > in > Books > Literature & Fiction > # > 138 >  > in > Books > Literature & Fiction > General,"Sanderson, Brandon Jordan, Robert",5364881,1150.0,Tor Books,English,6.75 x 4.00 x 2.00 Inches,,,0
38187,38187,619,1370,Fifty Shades Darker Paperback ,9.29,Books > Literature & Fiction > Women's Fiction,E. L. James,345803493,544.0,Vintage; Reprint edition ,English,5.2 x 0.9 x 8 inches,13.6 ounces,4.2,Pure (The Second Covenant Novel) (Covenant Series) (Paperback),16.21,Books > Literature & Fiction > Fiction > Romance > General,"Armentrout, Jennifer L.",1444797956,,Hodder &amp;amp; Stoughton General Division,,,,,0
71073,71073,2405,2598,Shattered Memories The Mirror Sisters Series,7.19,Books > Literature & Fiction > Genre Fiction,V.C. Andrews,1476792380,432.0,Pocket Books; Reissue edition ,English,4.1 x 1 x 6.8 inches,7 ounces,4.4,Razzle Dazzle Unicorn (Phoebe and Her Unicorn Series Book 4),6.87,Books > Children's & Kids' Books > Children's Comic Books & Graphic Novels > General,Andrews McMeel Publishing,9477917,184.0,Andrews &amp; Mcmeel,,6.00 x 9.00 x 0.50 Inches,,,0
72920,72920,1698,2718,Who is the Black Panther? Marvel Novels,9.99,Books > Literature & Fiction > Action & Adventure,Jesse J. Holland,1785659472,384.0,Titan Books ,English,,6.1 ounces,,The Big Book of Graphic Novels for Minecrafters,18.64,Books > Children's & Kids' Books > Children's Comic Books & Graphic Novels > General,"Stevens, Cara J. Miller, Megan",1510727159,576.0,Two Rivers Distribution,English,9.00 x 6.00 x 1.50 Inches,,,0
40792,40792,2207,1465,Heretics of Dune Mass Market Paperback ,8.15,Books > Science Fiction & Fantasy > Fantasy,Frank Herbert,441328008,480.0,Ace ,English,4.1 x 1.1 x 6.9 inches,7 ounces,4.2,Navigators of Dune ,8.99,Books > Literature & Fiction > Fiction > Science Fiction & Fantasy > Science Fiction > Space Opera,Kevin J. Anderson Brian Herbert,5381252,416.0,Tom Doherty AssociatesTor Books,English,9.40 x 6.42 x 34.42 Inches (US),,,0
26825,26825,1715,990,The Dark Tower V,8.99,Books > Literature & Fiction > Genre Fiction,Stephen King,141651693X,960.0,Pocket Books; First Edition edition ,English,4.1 x 1.5 x 7.5 inches,15.2 ounces,4.6,"DARK TOWER I, THE AC",12.74,Books > Literature & Fiction > Fiction > Science Fiction & Fantasy > Fantasy > Dark Fantasy,Stephen King,1508230749,0.0,Simon &amp; Schuster Audio,,5.88 x 5.12 x 20.32 Inches (US),,,0
16427,16427,97,583,Claws for Concern Cat in the Stacks Mystery,17.1,"Books > Mystery, Thriller & Suspense > Mystery",Miranda James,042527778X,,Berkley ,English,6.4 x 1 x 9.3 inches,1 pounds,4.6,Cat & Mouse (Alex Cross),7.19,"Books > Literature & Fiction > Fiction > Mysteries, Thrillers & Suspense > Mystery & Detective > Police Procedural > Best seller ranking: > # > 9377 >  > in > Books > # > 127 >  > in > Books > General",James Patterson,6606187,480.0,Grand Central Pub Mass Market,English,7.00 x 4.00 x 1.00 Inches,,,0
27047,27047,778,998,"A Clash of Kings A Song of Ice and Fire, Book 2",9.79,Books > Literature & Fiction > Action & Adventure,George R. R. Martin,553579908,1040.0,Bantam; Reissue edition ,English,4.2 x 1.6 x 6.9 inches,1.1 pounds,4.6,A Storm of Swords,8.15,Books > Literature & Fiction > Fiction > Science Fiction & Fantasy > Fantasy > General > Best seller ranking: > # > 1621 >  > in > Books > # > 109 >  > in > Books > Literature & Fiction > # > 15 >  > in > Books > Literature & Fiction > Fantasy,"Martin, George R. R.",055357342X,1177.0,Random House,English,6.90 x 4.25 x 1.50 Inches,,5.0,0
12067,12067,654,424,Lord of the Flies,13.16,Books > Literature & Fiction > Genre Fiction,William Golding,143129406,336.0,Penguin Classics; Deluxe edition ,English,5.7 x 0.9 x 8.4 inches,1.2 pounds,4.5,Lord of the Flies,8.89,Books > Literature & Fiction > Fiction > Classics > Best seller ranking: > # > 547 >  > in > Books > # > 6 >  > in > Books > Miscellaneous,William Golding,9501483,224.0,Penguin BooksPenguin Publishing Group,English,,,3.0,1
33086,33086,3121,1173,Change of Fortune A Miss Fortune Mystery,10.79,"Books > Mystery, Thriller & Suspense > Mystery",Jana DeLeon,1940270529,270.0,Jana DeLeon ,English,5.2 x 0.6 x 8 inches,13.3 ounces,4.9,Fortune Hunter,11.99,"Books > Literature & Fiction > Fiction > Mysteries, Thrillers & Suspense > Mystery & Detective > Women Sleuths","DeLeon, Jana",1940270340,250.0,Jana Deleon,English,5.25 x 0.53 x 8.00 Inches,,,0
76374,76374,3046,2988,The Sandman Vol. 1,12.59,Books > Comics & Graphic Novels > Manga,Neil Gaiman,1401225756,240.0,Vertigo; Reprint edition ,English,6.7 x 0.4 x 10.2 inches,15.2 ounces,4.4,The Graveyard Book 1,9.18,"Books > Children's & Kids' Books > Children's Science Fiction, Fantasy & Magic Books","Gaiman, Neil",2194820,188.0,Harpercollins Childrens Books,English,8.25 x 6.00 x 0.50 Inches,,,0
18886,18886,2814,681,Too Wilde to Wed Wildes of Lindow Castle,7.99,Books > Romance > Historical,Eloisa James,62692461,384.0,Avon ,English,4.2 x 6.6 inches,10.4 ounces,,The Adventures of Indiana Jones,16.07,Books > Literature & Fiction > Fiction > Action & Adventure,"MacGregor, Rob Kahn, James Black, Campbell",5501275,602.0,Random House Inc,English,6.25 x 9.25 x 1.25 Inches,,,0
45262,45262,2085,1636,"Berserk, Vol. 29 Paperback ",14.99,Books > Comics & Graphic Novels > Manga,Kentaro Miura,1595822100,216.0,Dark Horse Manga ,English,5.2 x 0.6 x 7.2 inches,8.5 ounces,4.5,Berserk 35,12.26,Books > Literature & Fiction > Fiction > Science Fiction & Fantasy > Fantasy > General,"Miura, Kentaro",5826955,224.0,Random House Inc,English,7.25 x 5.00 x 0.75 Inches,,,0
32608,32608,1452,1160,A Conjuring of Light,11.59,Books > Literature & Fiction > Action & Adventure,V. E. Schwab,765387476,640.0,Tor Books; Reprint edition ,English,5.5 x 1.7 x 8.2 inches,1.2 pounds,4.7,Fifty Shades of Grey,9.17,Books > Literature & Fiction > Fiction > Romance > Contemporary > Best seller ranking: > # > 299 >  > in > Books > # > 6 >  > in > Books > Romance > # > 5 >  > in > Books > Romance > Adult,"JAMES, E L",5803482,528.0,Random House Inc,English,8.00 x 5.25 x 1.00 Inches,,4.757,0
37489,37489,723,1334,The Atlas of Middle-Earth Revised Edition,18.71,Books > Literature & Fiction > History & Criticism,Karen Wynn Fonstad,618126996,224.0,Houghton Mifflin; Revised ed. edition ,English,8 x 0.6 x 11 inches,1.2 pounds,4.6,Gears of War,13.42,Books > Literature & Fiction > Fiction > Science Fiction & Fantasy > Science Fiction > Space Opera > Best seller ranking: > # > 65136 >  > in > Books > # > 88 >  > in > Books > New Releases > # > 85 >  > in > Books > New Releases > New & Noteworthy,"Traviss, Karen",5499434,385.0,Random House Inc,English,5.75 x 8.75 x 1.00 Inches,,5.0,0
68219,68219,3087,2440,A Feast for Crows,8.39,Books > Literature & Fiction > Action & Adventure,George R. R. Martin,055358202X,1104.0,Bantam ,English,4.2 x 1.7 x 6.8 inches,1 pounds,4.2,A Feast for Crows,15.11,Books > Literature & Fiction > Fiction > Historical,"Martin, George R. R.",3582038,753.0,Random House Inc,English,5.75 x 9.25 x 1.50 Inches,,,1
17877,17877,797,641,Shroud of Eternity,19.49,Books > Literature & Fiction > Action & Adventure,Terry Goodkind,765388243,528.0,Tor Books; First Edition edition ,English,6.5 x 1.6 x 9.5 inches,3.4 pounds,4.0,Wards of Faerie,7.99,Books > Literature & Fiction > Fiction > Action & Adventure,"Brooks, Terry",5523482,448.0,Random House,English,7.00 x 4.25 x 1.25 Inches,,,0
24405,24405,1884,900,"Rise of Empire, Vol. 2 Riyria Revelations",11.88,Books > Literature & Fiction > Action & Adventure,Michael J. Sullivan,316187704,816.0,Orbit; 1 edition ,English,5.5 x 1.5 x 8.2 inches,1.5 pounds,4.7,The Lord of the Rings,27.52,Books > Literature & Fiction > Fiction > Literary,"Tolkien, J. R. R.",8645610,1178.0,Houghton Mifflin Harcourt,English,5.75 x 8.25 x 2.00 Inches,,,0
26114,26114,201,969,The Ultimate Hitchhiker's Guide to the Galaxy Paperback ,13.59,Books > Literature & Fiction > British & Irish,Douglas Adams,345453743,832.0,Del Rey ,English,6.1 x 1.4 x 9.2 inches,1.7 pounds,4.5,HITCHHIKERS GUIDE GAL,7.19,Books > Literature & Fiction > Fiction > Science Fiction & Fantasy > Science Fiction > Action & Adventure > Best seller ranking: > # > 6070 >  > in > Books > # > 510 >  > in > Books > Literature & Fiction > # > 31 >  > in > Books > Literature & Fiction > Science Fiction,"ADAMS, DOUGLAS",5391805,224.0,Random House,English,6.75 x 4.25 x 0.75 Inches,,5.0,0
25414,25414,2508,938,"Confessions of a Shopaholic Shopaholic, No 1",9.89,Books > Literature & Fiction > Women's Fiction,Sophie Kinsella,385335482,320.0,Dial Press Trade Paperback; Cover Has Some Spots edition ,English,5.2 x 0.7 x 8.2 inches,9.6 ounces,3.9,The Scandal of It All,5.67,Books > Literature & Fiction > Fiction > Romance > Historical,Sophie Jordan,62463624,384.0,Avon Books,English,6.50 x 4.00 x 1.25 Inches,,,0
1700,1700,2020,61,The Norton Anthology of American Literature Ninth Edition,,"Books > New, Used & Rental Textbooks > Humanities",Robert S. Levine,393264556,,W. W. Norton & Company; 9 edition ,English,6 x 3.8 x 9.4 inches,6.6 pounds,3.8,The Queen of Swords,7.49,Books > Literature & Fiction > Fiction > Science Fiction & Fantasy > Fantasy > Historical,R. S. Belcher,5390094,368.0,Tom Doherty AssociatesTor Books,English,239.27 x 6.47 x 1.25 Millimeters,,,0
46234,46234,1748,1673,"Sword Art Online, Vol. 2",10.93,Books > Literature & Fiction > World Literature,Reki Kawahara,316376817,256.0,Yen On ,English,5.8 x 0.8 x 8.2 inches,10.6 ounces,4.6,Sword Art Online 10,10.47,Books > Literature & Fiction > Fiction > Science Fiction & Fantasy > Science Fiction > Action & Adventure,"Abec Kawahara, Reki Paul, Stephen",6390430,231.0,Yen Pr,English,5.50 x 8.50 x 1.00 Inches,,,0
10600,10600,3027,364,Captive Prince The Captive Prince Trilogy,14.06,Books > Gay & Lesbian > Literature & Fiction,C. S. Pacat,425274268,304.0,Berkley; 1 edition ,English,5.1 x 0.8 x 7.9 inches,8 ounces,4.4,The Space Trilogy (Hardcover),34.4,Books > Literature & Fiction > Fiction > Science Fiction & Fantasy > Fantasy > Epic,"Lewis, C. S.",7528418,720.0,HarperCollins Publishers,,9.00 x 6.57 x 2.32 Inches,,,0
17766,17766,10,628,Fahrenheit 451 Paperback ,9.99,Books > Politics & Social Sciences > Politics & Government,Ray Bradbury,1451673310,249.0,Simon & Schuster; Reissue edition ,English,5.5 x 0.9 x 8.4 inches,6.2 ounces,4.4,Fahrenheit 451 (Flamingo Modern Classics) (Paperback),15.01,Books > Literature & Fiction > Fiction > Classics,"Bradbury, Ray",6546064,,,,,,,0
59180,59180,1582,2109,The Lands of Ice and Fire A Game of Thrones,30.07,Books > Literature & Fiction > Action & Adventure,George R. R. Martin,345538544,,Bantam; Media Tie In edition ,English,9.1 x 1.6 x 12 inches,3 pounds,4.2,"WORLD OF ICE AND FIRE, THE",35.99,Books > Literature & Fiction > Fiction > Science Fiction & Fantasy > Fantasy > General > Best seller ranking: > # > 137 >  > in > Books > # > 12 >  > in > Books > Literature & Fiction > # > 4 >  > in > Books > Literature & Fiction > Fantasy,"MARTIN, GEORGE R.R.",3805446,336.0,Random House Inc,English,12.00 x 10.00 x 1.00 Inches,,5.0,0
36715,36715,227,1302,The Name of the Wind Mass Market Paperback ,9.94,Books > Science Fiction & Fantasy > Fantasy,Patrick Rothfuss,756404746,722.0,DAW Books ,English,4.2 x 1.5 x 6.8 inches,12 ounces,4.6,The Name of the Wind,25.47,Books > Literature & Fiction > Fiction > Science Fiction & Fantasy > Fantasy > Contemporary,Patrick Rothfuss,756413710,672.0,DAW,English,9.00 x 6.00 x 1.88 Inches (US),,,0
56847,56847,3049,2041,Christmas Cake Murder A Hannah Swensen Mystery,18.0,"Books > Mystery, Thriller & Suspense > Mystery",Joanne Fluke,161773232X,,Kensington ,English,,1.2 pounds,,Fudge Cupcake Murder,7.19,"Books > Literature & Fiction > Fiction > Mysteries, Thrillers & Suspense > Mystery & Detective > General > Best seller ranking: > # > 11376 >  > in > Books > # > 107 >  > in > Books > Mystery & Suspense > # > 37 >  > in > Books > Mystery & Suspense > Women Sleuths","Fluke, Joanne",8273614,313.0,Kensington Pub Corp,English,6.75 x 4.25 x 1.00 Inches,,5.0,0
22244,22244,1527,822,The Hunt for Red October A Jack Ryan Novel,8.49,Books > Literature & Fiction > Action & Adventure,Tom Clancy,425240339,656.0,Berkley; Reprint edition ,English,4.3 x 1.3 x 7.6 inches,14.1 ounces,4.6,The Hunt for Red October,8.49,"Books > Literature & Fiction > Fiction > Mysteries, Thrillers & Suspense > Thrillers & Suspense > Suspense",Tom Clancy,524033X,656.0,BerkleyPenguin Publishing Group,English,7.50 x 4.25 x 1.38 Inches (US),,,1
41856,41856,1519,1508,Old Man's War Mass Market Paperback ,8.99,Books > Science Fiction & Fantasy > Science Fiction,John Scalzi,765348276,318.0,Tor Science Fiction ,English,4.1 x 1 x 6.9 inches,5.6 ounces,4.5,Old Man's War,12.61,Books > Literature & Fiction > Fiction > Science Fiction & Fantasy > Science Fiction > Military,John Scalzi,765394855,416.0,Tom Doherty AssociatesTor Books,English,6.69 x 107.95 x 24.64 Inches (US),,,0
57791,57791,689,2065,The Sword of Shannara Mass Market Paperback ,8.99,Books > Literature & Fiction > Action & Adventure,Terry Brooks,345314255,736.0,Del Rey; Reissue edition ,English,4.2 x 1.6 x 6.8 inches,13.6 ounces,3.9,Bearers of the Black Staff,7.99,Books > Literature & Fiction > Fiction > Science Fiction & Fantasy > Fantasy > General,"Brooks, Terry",5484192,435.0,Random House,English,7.00 x 4.25 x 1.25 Inches,,,0
44336,44336,2728,1604,Ceremony in Death Mass Market Paperback ,7.19,"Books > Mystery, Thriller & Suspense > Mystery",J. D. Robb,425157628,336.0,Berkley; Reissue edition ,English,4.2 x 0.9 x 6.8 inches,9.6 ounces,4.7,Midnight in Death/Interlude in Death (Paperback),15.36,"Books > Literature & Fiction > Fiction > Mysteries, Thrillers & Suspense > Mystery & Detective > General","Robb, J. D.",749957581,,"Little, Brown Book Group",,,,,0
56329,56329,2709,2025,The Atomic Weight of Love,9.01,Books > Literature & Fiction > Genre Fiction,Elizabeth J. Church,161620690X,368.0,Algonquin Books; Reprint edition ,English,5.5 x 1 x 8.5 inches,1.2 pounds,4.3,Age of Swords,20.91,Books > Literature & Fiction > Fiction > Action & Adventure,"Sullivan, Michael J.",1101965363,470.0,Random House Inc,English,9.50 x 6.50 x 1.50 Inches,,,0
2664,2664,160,93,The Dark Tower IV,8.99,Books > Literature & Fiction > Genre Fiction,Stephen King,1501161830,1040.0,Pocket Books; Reissue edition ,English,4.1 x 1.9 x 7.5 inches,1 pounds,4.3,The Dark Tower I ,14.92,Books > Literature & Fiction > Fiction > Science Fiction & Fantasy > Fantasy > Dark Fantasy > Best seller ranking: > # > 12950 >  > in > Books > # > 643 >  > in > Books > ARCHIVE > # > 62 >  > in > Books > ARCHIVE > Literature & Fiction,Stephen King,1143513,288.0,Scribner,,8.38 x 139.70 x 17.78 Inches (US),,5.0,0
40771,40771,1797,1465,Age of War,18.3,Books > Literature & Fiction > Action & Adventure,Michael J. Sullivan,1101965398,416.0,Del Rey ,English,6.1 x 1 x 9.1 inches,1.5 pounds,,Navigators of Dune ,8.99,Books > Literature & Fiction > Fiction > Science Fiction & Fantasy > Science Fiction > Space Opera,Kevin J. Anderson Brian Herbert,5381252,416.0,Tom Doherty AssociatesTor Books,English,9.40 x 6.42 x 34.42 Inches (US),,,0
55890,55890,1096,2015,Obsession The Steel Brothers Saga,10.7,Books > Literature & Fiction > United States,Helen Hardt,1943893187,288.0,Waterhouse Press ,English,5.2 x 0.8 x 7.9 inches,8.8 ounces,4.6,Obsession,10.7,Books > Literature & Fiction > Fiction > Romance > Contemporary,"Hardt, Helen",3893181,274.0,Ingram Pub Services,,5.50 x 8.00 x 0.50 Inches,,5.0,0
497,497,257,17,"The Wheel of Time, Boxed Set II, Books 4-6",16.32,Books > Science Fiction & Fantasy > Fantasy,Robert Jordan,812540115,,Tor Books; 1 edition ,English,4.2 x 4.9 x 6.9 inches,3.1 pounds,4.7,The Path of Daggers,7.99,Books > Literature & Fiction > Fiction > Science Fiction & Fantasy > Fantasy > Epic,Robert Jordan,2550293,704.0,Tom Doherty AssociatesTor Fantasy,English,6.76 x 104.65 x 1.56 Inches (US),,5.0,0
48065,48065,834,1739,A Dance with Dragons A Song of Ice and Fire,7.99,Books > Literature & Fiction > Action & Adventure,George R. R. Martin,553582011,1152.0,Bantam; Reprint edition ,English,4.2 x 1.8 x 6.9 inches,1 pounds,4.3,DANCE WITH DRAGONS,20.8,Books > Literature & Fiction > Fiction > Science Fiction & Fantasy > Fantasy > Epic > Best seller ranking: > # > 2184 >  > in > Books > # > 155 >  > in > Books > Literature & Fiction > # > 19 >  > in > Books > Literature & Fiction > Fantasy,"MARTIN, GEORGE R.R.",3801478,1040.0,Random House Inc,English,6.40 x 9.50 x 2.00 Inches,,4.7407,0
20289,20289,2135,748,Selected Stories of Philip K. Dick Hardcover ,20.91,Books > Science Fiction & Fantasy > Science Fiction,Philip K. Dick,544040546,480.0,Houghton Mifflin Harcourt ,English,6 x 1.6 x 9 inches,1.5 pounds,4.6,Glow of Death,7.49,"Books > Literature & Fiction > Fiction > Mysteries, Thrillers & Suspense > Mystery & Detective > Women Sleuths",Jane K. Cleland,102979,304.0,St. Martin's PressMinotaur Books,English,213.61 x 5.62 x 25.15 Millimeters,,,0
10859,10859,1779,374,Siege of Stone,31.99,Books > Literature & Fiction > Action & Adventure,Terry Goodkind,1250194768,512.0,Tor Books ,English,,1.7 pounds,,The Color of Magic,7.78,Books > Literature & Fiction > Fiction > Science Fiction & Fantasy > Fantasy > General,"Pratchett, Terry",2225675,277.0,HarperCollins,English,7.75 x 4.25 x 0.75 Inches,,,0
32432,32432,2144,1157,"Immortal in Death In Death, Book 3",7.51,"Books > Mystery, Thriller & Suspense > Mystery",J. D. Robb,425153789,320.0,Berkley; Reissue edition ,English,4.2 x 0.8 x 6.8 inches,5.6 ounces,4.7,Concealed in Death,4.75,Books > Literature & Fiction > Fiction > Romance > Suspense > Best seller ranking: > # > 17423 >  > in > Books > # > 196 >  > in > Books > Mystery & Suspense > # > 62 >  > in > Books > Mystery & Suspense > Women Sleuths,J. D. Robb,5154141,384.0,BerkleyPenguin Publishing Group,English,6.83 x 4.18 x 1.00 Inches (US),,,0
55350,55350,1724,1994,"Heir of Novron, Vol. 3Riyria Revelations",14.46,Books > Literature & Fiction > Action & Adventure,Michael J. Sullivan,316187712,960.0,Orbit; 1 edition ,English,5.5 x 1.8 x 8.2 inches,1.8 pounds,4.8,The Histories of Middle-Earth,31.07,Books > Literature & Fiction > Fiction > Science Fiction & Fantasy > Fantasy > General,"Tolkien, J. R. R.",5466456,,Random House,English,7.00 x 5.25 x 4.25 Inches,,,0
69085,69085,95,2462,The Nature of the Beast,10.87,"Books > Mystery, Thriller & Suspense > Mystery",Louise Penny,125002210X,400.0,Minotaur Books; Reprint edition ,English,5.4 x 1.1 x 8.3 inches,12 ounces,4.6,The Nature of the Beast,10.87,"Books > Literature & Fiction > Fiction > Mysteries, Thrillers & Suspense > Mystery & Detective > Traditional",Louise Penny,125002210X,400.0,St. Martin's PressMinotaur Books,,8.31 x 5.45 x 27.43 Inches (US),,,1
63655,63655,18,2285,A Game of Thrones / A Clash of Kings / A Storm of Swords / A Feast of Crows / A Dance with Dragons Mass Market Paperback ,32.49,Books > Literature & Fiction > Action & Adventure,George R. R. Martin,345535529,5216.0,Bantam; Media Tie In edition ,English,8 x 4.5 x 7 inches,5.1 pounds,4.7,CLASH OF KINGS,9.79,Books > Literature & Fiction > Fiction > Science Fiction & Fantasy > Fantasy > Epic > Best seller ranking: > # > 1416 >  > in > Books > # > 87 >  > in > Books > Literature & Fiction > # > 11 >  > in > Books > Literature & Fiction > Fantasy,"MARTIN, GEORGE",3579905,1040.0,Random House,English,6.75 x 4.25 x 1.75 Inches,,4.75,0
31680,31680,111,1136,Parable of the Sower Earthseed,10.2,Books > Teen & Young Adult > Science Fiction & Fantasy,Octavia E. Butler,446675504,352.0,Grand Central Publishing; Updated edition ,English,5.2 x 1 x 8 inches,8 ounces,4.5,A Darker Shade of Magic,15.99,Books > Literature & Fiction > Fiction > Science Fiction & Fantasy > Fantasy > Historical,V. E. Schwab,5376457,400.0,Tom Doherty AssociatesTor Books,English,213.61 x 5.78 x 1.36 Millimeters,,,0
65747,65747,212,2353,Dark in Death,18.25,"Books > Mystery, Thriller & Suspense > Thrillers & Suspense",J. D. Robb,1250161533,,St. Martin's Press ,English,6.1 x 1.2 x 9.2 inches,1.3 pounds,4.5,Kindred in Death,7.19,Books > Literature & Fiction > Fiction > Romance > Suspense,"Robb, J. D.",5233673,389.0,Berkley Pub Group,English,6.50 x 4.00 x 1.00 Inches,,5.0,0
10926,10926,1905,379,"The Well of Ascension Mistborn, Book 2",6.88,Books > Literature & Fiction > Action & Adventure,Brandon Sanderson,765356139,796.0,Tor Fantasy; Reprint edition ,English,4.1 x 1.3 x 6.8 inches,15.2 ounces,4.4,Mistborn Trilogy,18.09,Books > Literature & Fiction > Fiction > Science Fiction & Fantasy > Fantasy > Epic > Best seller ranking: > # > 2245 >  > in > Books > # > 160 >  > in > Books > Literature & Fiction > # > 20 >  > in > Books > Literature & Fiction > Fantasy,"Sanderson, Brandon",076536543X,0.0,Tor Books,English,7.25 x 4.50 x 4.00 Inches,,4.75,0
45292,45292,1779,1639,Siege of Stone,31.99,Books > Literature & Fiction > Action & Adventure,Terry Goodkind,1250194768,512.0,Tor Books ,English,,1.7 pounds,,The Wishsong of Shannara,7.99,Books > Literature & Fiction > Fiction > Science Fiction & Fantasy > Fantasy > General,"Brooks, Terry",5356362,512.0,Random House,English,6.75 x 4.00 x 1.25 Inches,,,0
1338,1338,2230,48,The Art of Magic,27.19,Books > Arts & Photography > History & Criticism,James Wyatt,1421587807,224.0,Perfect Square; 1st edition ,English,10 x 1 x 11.2 inches,3.7 pounds,4.8,Sea of Sorrows,7.99,Books > Literature & Fiction > Fiction > Media Tie-Ins,"Moore, James A.",1162709,351.0,Random House,English,7.00 x 4.25 x 1.00 Inches,,,0
54835,54835,483,1977,Banana Cream Pie Murder A Hannah Swensen Mystery,6.47,"Books > Mystery, Thriller & Suspense > Mystery",Joanne Fluke,1617732222,421.0,Kensington; Reprint edition ,English,4.2 x 1 x 6.8 inches,7 ounces,3.7,Devil's Food Cake Murder,6.8,"Books > Literature & Fiction > Fiction > Mysteries, Thrillers & Suspense > Mystery & Detective > General","Fluke, Joanne",8234926,341.0,Kensington Pub Corp,English,7.00 x 4.25 x 1.00 Inches,,5.0,0
12982,12982,547,459,Haunted Michael Bennett,16.68,"Books > Mystery, Thriller & Suspense > Thrillers & Suspense",James Patterson James O. Born,031627397X,,"Little, Brown and Company ",English,6.5 x 1.2 x 9.8 inches,1.2 pounds,4.3,Haunted,16.68,"Books > Literature & Fiction > Fiction > Mysteries, Thrillers & Suspense > Thrillers & Suspense > Suspense",James O. Born James Patterson,031627397X,368.0,"Little, Brown and Company",English,9.75 x 6.50 x 1.25 Inches (US),,,1
46102,46102,778,1669,"A Clash of Kings A Song of Ice and Fire, Book 2",9.79,Books > Literature & Fiction > Action & Adventure,George R. R. Martin,553579908,1040.0,Bantam; Reissue edition ,English,4.2 x 1.6 x 6.9 inches,1.1 pounds,4.6,A Clash of Kings,8.28,Books > Literature & Fiction > Fiction > Action & Adventure > Best seller ranking: > # > 8793 >  > in > Books > # > 800 >  > in > Books > Literature & Fiction > # > 72 >  > in > Books > Literature & Fiction > Fantasy,"Martin, George R. R.",553542X,1009.0,Random House,English,7.00 x 4.25 x 2.00 Inches,,5.0,0
4616,4616,1797,155,Age of War,18.3,Books > Literature & Fiction > Action & Adventure,Michael J. Sullivan,1101965398,416.0,Del Rey ,English,6.1 x 1 x 9.1 inches,1.5 pounds,,The Fellowship Of The Ring,10.63,Books > Literature & Fiction > Fiction > Science Fiction & Fantasy > Fantasy > Epic,"Tolkien, J. R. R.",8574943,506.0,Houghton Mifflin Harcourt,English,5.25 x 8.25 x 1.50 Inches,,,0
69991,69991,3049,2499,Christmas Cake Murder A Hannah Swensen Mystery,18.0,"Books > Mystery, Thriller & Suspense > Mystery",Joanne Fluke,161773232X,,Kensington ,English,,1.2 pounds,,Apple Turnover Murder,7.19,"Books > Literature & Fiction > Fiction > Mysteries, Thrillers & Suspense > Mystery & Detective > Women Sleuths > Best seller ranking: > # > 10484 >  > in > Books > # > 93 >  > in > Books > Mystery & Suspense > # > 34 >  > in > Books > Mystery & Suspense > Women Sleuths","Fluke, Joanne",8234905,340.0,Kensington Pub Corp,English,6.75 x 4.25 x 1.00 Inches,,5.0,0
8470,8470,611,295,Rogue Lawyer,8.49,"Books > Mystery, Thriller & Suspense > Thrillers & Suspense",John Grisham,553393480,400.0,Dell; Reprint edition ,English,4.2 x 0.9 x 7.5 inches,7.2 ounces,4.0,ROGUE LAWYER,8.49,Books > Walmart Best Sellers,"GRISHAM, JOHN",3393486,400.0,Random House,English,7.50 x 4.25 x 1.00 Inches,,5.0,1
5577,5577,778,186,"A Clash of Kings A Song of Ice and Fire, Book 2",9.79,Books > Literature & Fiction > Action & Adventure,George R. R. Martin,553579908,1040.0,Bantam; Reissue edition ,English,4.2 x 1.6 x 6.9 inches,1.1 pounds,4.6,Lord of the Rings,41.69,Books > Literature & Fiction > Fiction > Classics > Best seller ranking: > # > 690 >  > in > Books > # > 48 >  > in > Books > Literature & Fiction > # > 9 >  > in > Books > Literature & Fiction > Fantasy,"Tolkien, J. R. R.",5489321,0.0,Houghton Mifflin Harcourt,English,9.75 x 6.25 x 5.25 Inches,,5.0,0
46388,46388,1331,1679,The Bazaar of Bad Dreams,8.3,Books > Literature & Fiction > Genre Fiction,Stephen King,150112787X,704.0,Pocket Books; Reprint edition ,English,4.1 x 1.6 x 7.5 inches,1.1 pounds,4.4,End of Watch,10.19,Books > Literature & Fiction > Fiction > Horror,"King, Stephen",4139735,613.0,Christian Large Print,English,8.50 x 5.50 x 1.25 Inches,,,0
6698,6698,1008,233,Christmas Caramel Murder A Hannah Swensen Mystery,5.75,"Books > Mystery, Thriller & Suspense > Mystery",Joanne Fluke,1617732303,261.0,Kensington; Reprint edition ,English,4.1 x 0.6 x 6.8 inches,4.8 ounces,4.0,Cinnamon Roll Murder,7.99,"Books > Literature & Fiction > Fiction > Mysteries, Thrillers & Suspense > Mystery & Detective > General","Fluke, Joanne",8234947,374.0,Kensington Pub Corp,English,7.00 x 4.25 x 1.00 Inches,,,0
37967,37967,180,1355,The Color of Magic Discworld,7.78,Books > Literature & Fiction > Action & Adventure,Terry Pratchett,62225677,288.0,Harper; Reissue edition ,English,4.2 x 0.6 x 7.5 inches,5.6 ounces,4.3,The Sword of Truth,17.62,Books > Literature & Fiction > Fiction > Science Fiction & Fantasy > Fantasy > Epic > Best seller ranking: > # > 9962 >  > in > Books > # > 930 >  > in > Books > Literature & Fiction > # > 80 >  > in > Books > Literature & Fiction > Fantasy,Terry Goodkind,535685X,2405.0,Tom Doherty AssociatesTor Fantasy,English,7.00 x 108.46 x 102.36 Inches (US),,5.0,0
57271,57271,1884,2050,"Rise of Empire, Vol. 2 Riyria Revelations",11.88,Books > Literature & Fiction > Action & Adventure,Michael J. Sullivan,316187704,816.0,Orbit; 1 edition ,English,5.5 x 1.5 x 8.2 inches,1.5 pounds,4.7,Harry Potter and the Goblet of Fire,25.26,Books > Literature & Fiction > Fiction > Science Fiction & Fantasy > Fantasy > General,"Rowling, J. K.",1408855925,,Bloomsbury Publishing PLC,,,,,0
56882,56882,433,2045,End of Watch,8.23,"Books > Mystery, Thriller & Suspense > Thrillers & Suspense",Stephen King,1501134132,496.0,Pocket Books; Reprint edition ,English,4.1 x 1 x 7.5 inches,12.6 ounces,4.5,Song Of Susannah,15.81,Books > Literature & Fiction > Fiction > Science Fiction & Fantasy > Fantasy > Dark Fantasy,Stephen King,743254554,448.0,Scribner,English,8.38 x 139.70 x 1.10 Inches (US),,,0
60014,60014,1369,2136,A Darker Shade of Magic,10.87,Books > Literature & Fiction > Action & Adventure,V. E. Schwab,765376466,416.0,Tor Books; Reprint edition ,English,5.5 x 1.1 x 8.2 inches,12.6 ounces,4.4,Fifty Shades Darker,9.29,Books > Literature & Fiction > Fiction > Romance > Contemporary > Best seller ranking: > # > 146 >  > in > Books > # > 4 >  > in > Books > Romance > # > 4 >  > in > Books > Romance > Adult,"JAMES, E L",5803498,544.0,Random House Inc,English,5.25 x 8.25 x 0.90 Inches,,4.7881,0
19889,19889,1718,725,"No Game No Life, Vol. 5 - light novel Paperback ",11.97,Books > Science Fiction & Fantasy > Fantasy,Yuu Kamiya,316385239,208.0,Yen On ,English,5.5 x 0.5 x 8.2 inches,7.8 ounces,4.8,No Game No Life 3,12.29,Books > Literature & Fiction > Fiction > Science Fiction & Fantasy > Fantasy > General,Yuu Kamiya,6385195,208.0,Yen PressYen On,English,,,,0
40050,40050,140,1434,The Queen of Hearts Hardcover ,17.1,Books > Literature & Fiction > Genre Fiction,Kimmery Martin,399585052,,Berkley ,English,6.3 x 1.2 x 9.3 inches,1.2 pounds,4.6,A Clash of Kings,31.29,Books > Literature & Fiction > Fiction > Action & Adventure,"Martin, George R. R.",449011100,,Random House,English,6.25 x 5.75 x 2.75 Inches,,,0
8796,8796,507,304,"Shadow of Night All Souls Trilogy, Bk 2",16.29,Books > Literature & Fiction > Genre Fiction,Deborah Harkness,143123629,592.0,Penguin Books; Reprint edition ,English,5.5 x 1.2 x 8.5 inches,1 pounds,4.5,Shadow of Night ,15.54,Books > Literature & Fiction > Fiction > Occult & Supernatural > Best seller ranking: > # > 7748 >  > in > Books > # > 698 >  > in > Books > Literature & Fiction > # > 131 >  > in > Books > Literature & Fiction > General,Deborah Harkness,312362X,592.0,Penguin BooksPenguin Publishing Group,English,8.40 x 5.50 x 1.30 Inches (US),,,1
55413,55413,2390,1997,Thursdays at Eight,4.78,Books > Literature & Fiction > Genre Fiction,Debbie Macomber,778330443,384.0,MIRA ,English,4.2 x 1 x 6.6 inches,6.4 ounces,4.7,Thursdays at Eight,4.78,Books > Literature & Fiction > Fiction > Contemporary Women,Debbie Macomber,778330443,384.0,Mira,English,0.19 x 6.63 x 0.94 Inches,,,1
21243,21243,2355,789,Lord John and the Brotherhood of the Blade,14.14,Books > Literature & Fiction > Genre Fiction,Diana Gabaldon,385337507,528.0,Bantam; Reprint edition ,English,5.5 x 1.1 x 8.2 inches,1.4 pounds,4.4,Lord John and the Hand of Devils,15.23,Books > Literature & Fiction > Fiction > Historical,"Gabaldon, Diana",99278251,400.0,"Arrow Books Ltd, Cornerstone",English,1.00 x 4.30 x 7.00 Inches,,,0
32588,32588,2074,1159,Day of Wrath Dies Irae,6.39,"Books > Mystery, Thriller & Suspense > Thrillers & Suspense",William R. Forstchen,1625781547,188.0,"Spectrum Literary Agency, Inc. ",English,5.2 x 0.4 x 8 inches,4 ounces,4.6,A Storm of Swords,14.97,Books > Literature & Fiction > Fiction > Science Fiction & Fantasy > Fantasy > General > Best seller ranking: > # > 9433 >  > in > Books > # > 863 >  > in > Books > Literature & Fiction > # > 76 >  > in > Books > Literature & Fiction > Fantasy,"Martin, George R. R.",3381706,1008.0,Random House Inc,English,6.25 x 9.50 x 2.00 Inches,,5.0,0
3329,3329,1613,109,An Echo of Things to Come The Licanius Trilogy,19.38,Books > Literature & Fiction > World Literature,James Islington,316274119,752.0,Orbit; 1 edition ,English,6.5 x 2.2 x 9.5 inches,2.4 pounds,4.6,An Echo of Things to Come,19.89,Books > Literature & Fiction > Fiction > Science Fiction & Fantasy > Fantasy > Epic,James Islington,316274119,752.0,Orbit,English,9.50 x 6.50 x 2.25 Inches (US),,,1
5700,5700,1320,187,Hero Legend of Drizzt,7.19,Books > Literature & Fiction > Action & Adventure,R.A. Salvatore,786966157,440.0,Wizards of the Coast ,English,4.2 x 1.1 x 6.9 inches,5 ounces,4.7,Sea of Swords,7.06,Books > Literature & Fiction > Fiction > Science Fiction & Fantasy > Fantasy > Epic,"Salvatore, R. A.",6951214,407.0,Wizards of the Coast,English,7.00 x 4.00 x 1.25 Inches,,,0
56,56,1767,3,"Saga, Vol. 2 Paperback ",9.37,Books > Comics & Graphic Novels > Graphic Novels,Brian K. Vaughan,1607066920,144.0,Image Comics ,English,6.5 x 0.6 x 10 inches,11.4 ounces,4.8,Saga 1,32.71,Books > Literature & Fiction > Fiction > Science Fiction & Fantasy > Science Fiction > General,"Staples, Fiona Vaughan, Brian K.",2150783,504.0,Diamond Comic Distributors,English,8.00 x 10.00 x 1.00 Inches,,5.0,0
35882,35882,2254,1262,Conspiracy in Death Mass Market Paperback ,7.58,"Books > Mystery, Thriller & Suspense > Mystery",J. D. Robb,425168131,400.0,Berkley; Reissue edition ,English,4.2 x 1.1 x 6.8 inches,7 ounces,4.7,Memory in Death,7.08,Books > Literature & Fiction > Fiction > Romance > Suspense,J. D. Robb,521073X,384.0,BerkleyPenguin Publishing Group,English,6.77 x 4.20 x 1.00 Inches (US),,5.0,0
61757,61757,45,2210,The Hobbit and the Lord of the Rings the Hobbit / the Fellowship of the Ring / the Two Towers / the Mass Market Paperback ,22.99,Books > Literature & Fiction > Genre Fiction,J.R.R. Tolkien,345538374,1728.0,Del Rey ,English,4.2 x 4.3 x 7 inches,2 pounds,4.7,El senor de los anillos / The Lord of the Rings,13.22,Books > Literature & Fiction > Fiction > Science Fiction & Fantasy > Fantasy > Epic,"Tolkien, J. R. R.",712731,480.0,Two Rivers Distribution,Spanish,7.50 x 5.00 x 1.50 Inches,,,0
15810,15810,2833,562,The Edge of Always Paperback ,11.97,Books > Literature & Fiction > Genre Fiction,J. A. Redmerski,1455549002,464.0,Forever; 1 edition ,English,5.2 x 1.2 x 8 inches,13.6 ounces,4.2,Lady of Misrule,13.95,Books > Literature & Fiction > Fiction > Science Fiction & Fantasy > Fantasy > Urban,"Pratt, T. a.",692426655,236.0,Merry Blacksmith Press,English,6.00 x 0.50 x 9.00 Inches,,,0
72916,72916,1584,2718,Force of Nature A Joe Pickett Novel,9.99,"Books > Mystery, Thriller & Suspense > Thrillers & Suspense",C. J. Box,425250652,480.0,G.P. Putnam's Sons ,English,4.2 x 1 x 7.5 inches,8.5 ounces,4.7,The Big Book of Graphic Novels for Minecrafters,18.64,Books > Children's & Kids' Books > Children's Comic Books & Graphic Novels > General,"Stevens, Cara J. Miller, Megan",1510727159,576.0,Two Rivers Distribution,English,9.00 x 6.00 x 1.50 Inches,,,0
30795,30795,2074,1108,Day of Wrath Dies Irae,6.39,"Books > Mystery, Thriller & Suspense > Thrillers & Suspense",William R. Forstchen,1625781547,188.0,"Spectrum Literary Agency, Inc. ",English,5.2 x 0.4 x 8 inches,4 ounces,4.6,The Final Day ,6.47,"Books > Literature & Fiction > Fiction > Mysteries, Thrillers & Suspense > Thrillers & Suspense > General",William R. Forstchen,076537675X,480.0,Tom Doherty AssociatesForge Books,English,7.50 x 104.78 x 29.37 Inches (US),,,0
45274,45274,1790,1638,Our Souls at Night Vintage Contemporaries,10.2,Books > Literature & Fiction > Genre Fiction,Kent Haruf,1101911921,192.0,Vintage; Reprint edition ,English,5.2 x 0.5 x 8 inches,6.4 ounces,4.3,OUR SOULS AT NIGHT,10.2,Books > Literature & Fiction > Fiction > Literary,"HARUF, KENT",1911926,192.0,Random House Inc,,5.25 x 8.00 x 0.25 Inches,,,1
14772,14772,137,522,The People vs. Alex Cross Hardcover ,17.34,"Books > Mystery, Thriller & Suspense > Thrillers & Suspense",James Patterson,316273902,,"Little, Brown and Company ",English,6.4 x 1.4 x 9.6 inches,1.9 pounds,4.7,Cross Country (Alex Cross),9.89,"Books > Literature & Fiction > Fiction > Mysteries, Thrillers & Suspense > Thrillers & Suspense > Suspense > Best seller ranking: > # > 5992 >  > in > Books > # > 44 >  > in > Books > Mystery & Suspense > # > 6 >  > in > Books > Mystery & Suspense > Suspense",James Patterson,044653630X,448.0,VisionGrand Central Publishing,English,7.75 x 4.25 x 1.50 Inches (US),,5.0,0
67180,67180,619,2406,Fifty Shades Darker Paperback ,9.29,Books > Literature & Fiction > Women's Fiction,E. L. James,345803493,544.0,Vintage; Reprint edition ,English,5.2 x 0.9 x 8 inches,13.6 ounces,4.2,Fifty Shades Darker,16.98,Books > Literature & Fiction > Fiction > Romance > Contemporary,"James, E. L.",5431884,550.0,Random House Inc,English,8.00 x 5.50 x 1.00 Inches,,5.0,0
14867,14867,689,526,The Sword of Shannara Mass Market Paperback ,8.99,Books > Literature & Fiction > Action & Adventure,Terry Brooks,345314255,736.0,Del Rey; Reissue edition ,English,4.2 x 1.6 x 6.8 inches,13.6 ounces,3.9,Soul of the Fire,7.19,Books > Literature & Fiction > Fiction > Science Fiction & Fantasy > Fantasy > Epic,Terry Goodkind,2551496,800.0,Tom Doherty AssociatesTor Fantasy,English,169.16 x 4.18 x 1.68 Millimeters,,,0
64930,64930,109,2329,Red Alert,19.49,"Books > Mystery, Thriller & Suspense > Thrillers & Suspense",James Patterson,316395560,,"Little, Brown and Company; Large Print edition ",English,6.4 x 1.5 x 9.6 inches,1.2 pounds,,NYPD RED 2,15.93,"Books > Literature & Fiction > Fiction > Mysteries, Thrillers & Suspense > Thrillers & Suspense > General > Best seller ranking: > # > 6627 >  > in > Books > # > 575 >  > in > Books > Literature & Fiction > # > 91 >  > in > Books > Literature & Fiction > Mystery & Suspense",Marshall Karp James Patterson,6211231,416.0,"Little, Brown and Company",English,9.62 x 6.38 x 1.38 Inches (US),,3.0,0
29972,29972,903,1085,Elantris Mass Market Paperback ,8.76,Books > Science Fiction & Fantasy > Fantasy,Brandon Sanderson,765350378,638.0,Tor Fantasy; Reissue edition ,English,4.2 x 1 x 6.8 inches,10.4 ounces,4.5,Elantris,15.29,Books > Literature & Fiction > Fiction > Science Fiction & Fantasy > Fantasy > Epic,"Sanderson, Brandon",5381027,590.0,St Martins Pr,English,5.00 x 8.00 x 1.00 Inches,,,0
9160,9160,2296,318,The Girls of Mischief Bay Mass Market Paperback ,6.82,Books > Literature & Fiction > Women's Fiction,Susan Mallery,077831975X,432.0,MIRA ,English,4.2 x 1.1 x 6.6 inches,10.4 ounces,4.4,The Girls of Mischief Bay,9.64,Books > Literature & Fiction > Fiction > Contemporary Women,"Mallery, Susan",8317745,401.0,Harlequin Books,English,9.00 x 5.75 x 1.00 Inches,,,0
55552,55552,2187,2004,The Way Of The Shadow Wolves,14.11,"Books > Mystery, Thriller & Suspense > Mystery",Tom Morrissey,999497502,240.0,5th Palace Publishing ,English,6 x 0.6 x 9 inches,12.6 ounces,3.5,Star Wars Tales of the Jedi,21.67,Books > Literature & Fiction > Fiction > Science Fiction & Fantasy > Science Fiction > Space Opera,Tom Veitch,1565119738,160.0,HighBridge Company,English,5.63 x 4.94 x 17.53 Inches (US),,,0
6144,6144,2746,210,When We Meet,6.52,Books > Romance > Contemporary,Nora Roberts,373282494,480.0,Silhouette; Combined edition ,English,4.1 x 1.2 x 6.6 inches,7.7 ounces,4.1,WHEN WE MET,6.52,Books > Literature & Fiction > Fiction > Romance > Contemporary,"ROBERTS, NORA",373282494,480.0,Harlequin Books,English,4.19 x 6.63 x 1.09 Inches,,,1
37420,37420,1427,1332,A Time of Dread Of Blood & Bone,11.55,Books > Literature & Fiction > Action & Adventure,John Gwynne,316502243,512.0,Orbit ,English,6 x 1.5 x 9.2 inches,1.1 pounds,4.6,The King of Torts,8.06,Books > Literature & Fiction > Fiction > Legal,"Grisham, John",034553199X,472.0,Random House,English,7.25 x 4.00 x 1.25 Inches,,,0
49483,49483,1359,1789,Cross Justice Alex Cross,7.57,"Books > Mystery, Thriller & Suspense > Thrillers & Suspense",James Patterson,1455585130,528.0,Vision ,English,4.1 x 1.2 x 7.7 inches,9.1 ounces,4.6,"Kiss the Girls (Alex Cross, No. 2)",7.21,"Books > Literature & Fiction > Fiction > Mysteries, Thrillers & Suspense > Thrillers & Suspense > Suspense > Best seller ranking: > # > 6251 >  > in > Books > # > 527 >  > in > Books > Literature & Fiction > # > 79 >  > in > Books > Literature & Fiction > Mystery & Suspense",James Patterson,6601241,496.0,Grand Central Pub Mass Market,English,7.00 x 4.50 x 1.25 Inches,,5.0,0
40790,40790,602,1465,"Children of Dune Dune Chronicles, Book Three",9.26,Books > Science Fiction & Fantasy > Fantasy,Frank Herbert,441104029,416.0,Ace ,English,4.2 x 1.1 x 6.9 inches,4.8 ounces,4.3,Navigators of Dune ,8.99,Books > Literature & Fiction > Fiction > Science Fiction & Fantasy > Science Fiction > Space Opera,Kevin J. Anderson Brian Herbert,5381252,416.0,Tom Doherty AssociatesTor Books,English,9.40 x 6.42 x 34.42 Inches (US),,,0
24400,24400,1724,900,"Heir of Novron, Vol. 3Riyria Revelations",14.46,Books > Literature & Fiction > Action & Adventure,Michael J. Sullivan,316187712,960.0,Orbit; 1 edition ,English,5.5 x 1.8 x 8.2 inches,1.8 pounds,4.8,The Lord of the Rings,27.52,Books > Literature & Fiction > Fiction > Literary,"Tolkien, J. R. R.",8645610,1178.0,Houghton Mifflin Harcourt,English,5.75 x 8.25 x 2.00 Inches,,,0
22773,22773,1242,839,Ender's Game The Ender Quintet,6.09,Books > Science Fiction & Fantasy > Science Fiction,Orson Scott Card,812550706,352.0,Tor Science Fiction ,English,4.1 x 1 x 6.8 inches,5.6 ounces,4.5,Ender's Game Gift Edition,16.14,Books > Literature & Fiction > Fiction > Science Fiction & Fantasy > Science Fiction > Military,Orson Scott Card,1250174465,256.0,Tom Doherty AssociatesTor Books,English,9.25 x 155.57 x 23.62 Inches (US),,,0
31411,31411,1995,1129,Shallow Grave South Shores,7.99,"Books > Mystery, Thriller & Suspense > Thrillers & Suspense",Karen Harper,778331199,384.0,MIRA ,English,4.1 x 1 x 6.6 inches,6.2 ounces,5.0,The Guests on South Battery,20.8,Books > Literature & Fiction > Fiction > Contemporary Women,"White, Karen",1475231,337.0,Penguin Group USA,English,7.00 x 10.00 x 1.50 Inches,,,0
21249,21249,2879,789,Lord John and the Hand of Devils Lord John Grey,13.52,Books > Literature & Fiction > Genre Fiction,Diana Gabaldon,385342519,336.0,Delta; Reprint edition ,English,5.5 x 0.7 x 8.2 inches,11.2 ounces,4.5,Lord John and the Hand of Devils,15.23,Books > Literature & Fiction > Fiction > Historical,"Gabaldon, Diana",99278251,400.0,"Arrow Books Ltd, Cornerstone",English,1.00 x 4.30 x 7.00 Inches,,,0
65793,65793,2144,2353,"Immortal in Death In Death, Book 3",7.51,"Books > Mystery, Thriller & Suspense > Mystery",J. D. Robb,425153789,320.0,Berkley; Reissue edition ,English,4.2 x 0.8 x 6.8 inches,5.6 ounces,4.7,Kindred in Death,7.19,Books > Literature & Fiction > Fiction > Romance > Suspense,"Robb, J. D.",5233673,389.0,Berkley Pub Group,English,6.50 x 4.00 x 1.00 Inches,,5.0,0
76606,76606,349,3004,American Gods Volume 1,19.49,Books > Comics & Graphic Novels > Graphic Novels,Neil Gaiman,1506703860,,Dark Horse Books ,English,7 x 1 x 10.5 inches,2.2 pounds,5.0,The Graveyard Book 1,15.95,"Books > Children's Books > Science Fiction, Fantasy & Magic","Gaiman, Neil",006219481X,188.0,Harpercollins Childrens Books,English,9.25 x 6.25 x 1.00 Inches,,,0
45905,45905,663,1661,A Memory of Light Wheel of Time,8.99,Books > Literature & Fiction > Action & Adventure,Robert Jordan Brandon Sanderson,765364883,1168.0,Tor Fantasy ,English,4 x 2 x 6.7 inches,1.2 pounds,4.6,The Path of Daggers,16.32,Books > Literature & Fiction > Fiction > Science Fiction & Fantasy > Fantasy > Epic,Robert Jordan,5336477,528.0,Tom Doherty AssociatesTor Books,English,9.19 x 6.70 x 1.01 Inches (US),,,0
58591,58591,192,2091,Darker,9.25,Books > Literature & Fiction > Women's Fiction,E L James,385543913,560.0,Vintage ,English,5.2 x 0.9 x 8 inches,1.9 pounds,4.7,A Darker Shade of Magic Collector's Edition ,19.99,Books > Literature & Fiction > Fiction > Science Fiction & Fantasy > Fantasy > Historical,V. E. Schwab,765399113,432.0,Tom Doherty AssociatesTor Books,English,8.54 x 147.57 x 34.67 Inches (US),,,0
36013,36013,183,1268,Force of Nature,17.1,Books > Literature & Fiction > Genre Fiction,Jane Harper,1250105633,,Flatiron Books; First Edition edition ,English,6.4 x 1.2 x 9.4 inches,1.1 pounds,4.2,The Complete Novels of Jane Austen,7.06,Books > Literature & Fiction > Fiction > Classics,"Austen, Jane",5834217,1220.0,Book Sales,English,9.50 x 7.00 x 2.50 Inches,,5.0,0
12429,12429,887,437,The Best Part of Me,11.59,Books > Children's Books > Growing Up & Facts of Life,Wendy Ewald,316703060,32.0,"Little, Brown Books for Young Readers; 1 edition ",English,10.4 x 0.4 x 10.4 inches,1.1 pounds,4.7,Dead of Winter,16.68,"Books > Literature & Fiction > Fiction > Mysteries, Thrillers & Suspense > Mystery & Detective > General","Staub, Wendy Corsi",168331333X,279.0,Pgw,English,9.25 x 6.25 x 1.00 Inches,,,0
19878,19878,289,724,Life Debt,8.99,Books > Literature & Fiction > Genre Fiction,Chuck Wendig,1101966955,512.0,Del Rey ,English,4.2 x 1 x 7.5 inches,7 ounces,3.8,LIFE DEBT,20.29,Books > Literature & Fiction > Fiction > Science Fiction & Fantasy > Science Fiction > Space Opera,"WENDIG, CHUCK",1966933,448.0,Random House Inc,English,9.50 x 6.25 x 1.50 Inches,,5.0,1
63449,63449,985,2275,The Pillars of the Earth,8.82,Books > Literature & Fiction > Genre Fiction,Ken Follett,451166892,983.0,Penguin Books ,English,4.2 x 1.7 x 6.9 inches,1 pounds,4.5,The Pillars of the Earth ,8.99,Books > Literature & Fiction > Fiction > Historical > Best seller ranking: > # > 9310 >  > in > Books > # > 853 >  > in > Books > Literature & Fiction > # > 24 >  > in > Books > Literature & Fiction > Historical,Ken Follett,1166897,1008.0,Penguin BooksPenguin Publishing Group,English,6.88 x 4.19 x 1.63 Inches (US),,4.7,1
66612,66612,1721,2382,A Darker Shade of Magic Collector's Edition,15.04,Books > Literature & Fiction > Action & Adventure,V. E. Schwab,765399113,432.0,Tor Books; Collectors edition ,English,5.8 x 1.4 x 8.5 inches,1.2 pounds,5.0,Darker,9.25,Books > Literature & Fiction > Fiction > Contemporary Women,E. L. James,385543913,560.0,Vintage Books,English,8.00 x 5.25 x 1.00 Inches,,5.0,0
13383,13383,434,475,The Dark Tower I,10.87,Books > Literature & Fiction > Genre Fiction,Stephen King,1501143514,288.0,Scribner; Reprint edition ,English,5.5 x 0.7 x 8.4 inches,0.3 ounces,4.3,The Last Dark,15.97,Books > Literature & Fiction > Fiction > Science Fiction & Fantasy > Fantasy > Epic,Stephen R. Donaldson,042527005X,592.0,AcePenguin Publishing Group,English,9.00 x 6.00 x 1.30 Inches (US),,,0
11086,11086,2255,389,Wyoming Legend Mass Market Paperback ,7.58,Books > Romance > Contemporary,Diana Palmer,1335041087,384.0,HQN ,English,4.2 x 0.8 x 6.6 inches,5.8 ounces,,A Breath of Snow and Ashes (Outlander Volume 6) (Mass Market Paperback),9.42,Books > Literature & Fiction > Fiction > Historical > Best seller ranking: > # > 317 >  > in > Books > # > 7 >  > in > Books > Romance > # > 1 >  > in > Books > Romance > General,Diana Gabaldon,225804,1438.0,Bantam Dell,English,7.00 x 4.50 x 2.25 Inches,,5.0,0
46106,46106,1201,1669,"A Game of Thrones A Song of Ice and Fire, Book 1",6.29,Books > Literature & Fiction > Genre Fiction,George R. R. Martin,553593714,864.0,"Bantam; Media Tie In, Reprint edition ",English,4.2 x 1.4 x 6.9 inches,9.6 ounces,4.7,A Clash of Kings,8.28,Books > Literature & Fiction > Fiction > Action & Adventure > Best seller ranking: > # > 8793 >  > in > Books > # > 800 >  > in > Books > Literature & Fiction > # > 72 >  > in > Books > Literature & Fiction > Fantasy,"Martin, George R. R.",553542X,1009.0,Random House,English,7.00 x 4.25 x 2.00 Inches,,5.0,0
19648,19648,1272,715,Saga Book Two Hardcover ,31.56,Books > Comics & Graphic Novels > Graphic Novels,Brian K Vaughan,1632159031,,Image Comics; Deluxe edition ,English,7.4 x 1.1 x 10.9 inches,3.2 pounds,5.0,Saga 1,8.92,Books > Literature & Fiction > Fiction > Science Fiction & Fantasy > Science Fiction > General > Best seller ranking: > # > 10178 >  > in > Books > # > 952 >  > in > Books > Literature & Fiction > # > 148 >  > in > Books > Literature & Fiction > Comics & Graphic Novels,"Staples, Fiona Vaughan, Brian K.",7066010,160.0,Diamond Comic Distributors,English,6.50 x 10.25 x 0.50 Inches,,5.0,0
52536,52536,2207,1897,Heretics of Dune Mass Market Paperback ,8.15,Books > Science Fiction & Fantasy > Fantasy,Frank Herbert,441328008,480.0,Ace ,English,4.1 x 1.1 x 6.9 inches,7 ounces,4.2,Dune Messiah,8.09,Books > Literature & Fiction > Fiction > Classics,Frank Herbert,1172696,336.0,AcePenguin Publishing Group,English,,,,0
8459,8459,1663,294,The Art of The Lord of the Rings by J.R.R. Tolkien Hardcover ,27.19,Books > Arts & Photography > History & Criticism,J.R.R. Tolkien,544636341,240.0,Houghton Mifflin Harcourt; y First American edition edition ,English,10 x 0.9 x 10 inches,3.1 pounds,4.7,The Lord of the Rings Deluxe Edition,21.99,Books > Literature & Fiction > Fiction > Science Fiction & Fantasy > Fantasy > Epic > Best seller ranking: > # > 12796 >  > in > Books > # > 1 >  > in > Books > The Hobbit,J.R.R. Tolkien,4273448,1216.0,Houghton Mifflin Harcourt,English,8.25 x 139.70 x 59.05 Inches (US),,4.75,0
58176,58176,1156,2075,The Murder of Roger Ackroyd,8.07,"Books > Mystery, Thriller & Suspense > Thrillers & Suspense",Agatha Christie,62073567,304.0,William Morrow Paperbacks; Reprint edition ,English,5.3 x 0.7 x 8 inches,14.9 ounces,4.6,MURDER ON THE ORIENT EXPRESS MTI,8.75,"Books > Literature & Fiction > Fiction > Mysteries, Thrillers & Suspense > Mystery & Detective > Traditional","CHRISTIE, AGATHA",62689665,288.0,HarperCollins,English,8.00 x 5.00 x 0.75 Inches,,,0
45278,45278,118,1639,The Skaar Invasion The Fall of Shannara,18.3,Books > Literature & Fiction > Action & Adventure,Terry Brooks,553391518,,Del Rey ,English,6.1 x 1 x 9.2 inches,1.4 pounds,,The Wishsong of Shannara,7.99,Books > Literature & Fiction > Fiction > Science Fiction & Fantasy > Fantasy > General,"Brooks, Terry",5356362,512.0,Random House,English,6.75 x 4.00 x 1.25 Inches,,,0
65743,65743,2190,2352,Wedding Cake Murder A Hannah Swensen Mystery,7.19,"Books > Mystery, Thriller & Suspense > Mystery",Joanne Fluke,1617732184,304.0,Kensington; Reprint edition ,English,4.1 x 1 x 6.7 inches,5.6 ounces,4.0,Chocolate Chip Cookie Murder,6.25,"Books > Literature & Fiction > Fiction > Mysteries, Thrillers & Suspense > Mystery & Detective > Women Sleuths","Fluke, Joanne",827329X,431.0,Kensington Pub Corp,English,6.50 x 5.00 x 1.25 Inches,,5.0,0
5639,5639,1884,186,"Rise of Empire, Vol. 2 Riyria Revelations",11.88,Books > Literature & Fiction > Action & Adventure,Michael J. Sullivan,316187704,816.0,Orbit; 1 edition ,English,5.5 x 1.5 x 8.2 inches,1.5 pounds,4.7,Lord of the Rings,41.69,Books > Literature & Fiction > Fiction > Classics > Best seller ranking: > # > 690 >  > in > Books > # > 48 >  > in > Books > Literature & Fiction > # > 9 >  > in > Books > Literature & Fiction > Fantasy,"Tolkien, J. R. R.",5489321,0.0,Houghton Mifflin Harcourt,English,9.75 x 6.25 x 5.25 Inches,,5.0,0
16611,16611,1316,591,The Fiery Cross Outlander,8.18,Books > Literature & Fiction > Genre Fiction,Diana Gabaldon,440221668,1443.0,Dell; Outlander edition ,English,4.2 x 2 x 6.9 inches,1.4 pounds,4.6,An Echo in the Bone (Outlander Volume 7) (Mass Market Paperback),9.35,Books > Literature & Fiction > Fiction > Historical > Best seller ranking: > # > 289 >  > in > Books > # > 22 >  > in > Books > Literature & Fiction > # > 3 >  > in > Books > Literature & Fiction > General,Diana Gabaldon,245684,1200.0,Bantam Dell,English,7.00 x 4.25 x 2.00 Inches,,5.0,0
67145,67145,1884,2404,"Rise of Empire, Vol. 2 Riyria Revelations",11.88,Books > Literature & Fiction > Action & Adventure,Michael J. Sullivan,316187704,816.0,Orbit; 1 edition ,English,5.5 x 1.5 x 8.2 inches,1.5 pounds,4.7,Crown of Midnight,6.45,Books > Literature & Fiction > Fiction > General > Best seller ranking: > # > 3524 >  > in > Books > # > 49 >  > in > Books > General,Sarah J. Maas,9630647,448.0,Bloomsbury,English,8.50 x 5.50 x 1.50 Inches,,,0
47527,47527,199,1715,Sleeping Beauties,19.64,Books > Literature & Fiction > Genre Fiction,Stephen King Owen King,150116340X,,Scribner; First Edition edition ,English,6.1 x 2.1 x 9.2 inches,2.6 pounds,4.0,Sleeping Beauties ,19.64,Books > Walmart Best Sellers,Stephen King Owen King,150116340X,720.0,Scribner,English,9.25 x 155.57 x 53.34 Inches (US),,,1
65180,65180,72,2333,Fifty Shades Trilogy Fifty Shades of Grey / Fifty Shades Darker / Fifty Shades Freed,26.49,Books > Literature & Fiction > Women's Fiction,E L James,034580404X,1625.0,Vintage; Box edition ,English,5.2 x 3 x 8 inches,2.7 pounds,4.2,Grey,9.59,Books > Literature & Fiction > Fiction > Romance > Contemporary > Best seller ranking: > # > 44 >  > in > Books > # > 2 >  > in > Books > Romance > # > 2 >  > in > Books > Romance > Adult,"JAMES, E.L.",1946346,576.0,Random House Inc,English,8.00 x 5.25 x 1.00 Inches,,4.9091,0
4639,4639,1663,155,The Art of The Lord of the Rings by J.R.R. Tolkien Hardcover ,27.19,Books > Arts & Photography > History & Criticism,J.R.R. Tolkien,544636341,240.0,Houghton Mifflin Harcourt; y First American edition edition ,English,10 x 0.9 x 10 inches,3.1 pounds,4.7,The Fellowship Of The Ring,10.63,Books > Literature & Fiction > Fiction > Science Fiction & Fantasy > Fantasy > Epic,"Tolkien, J. R. R.",8574943,506.0,Houghton Mifflin Harcourt,English,5.25 x 8.25 x 1.50 Inches,,,0
7601,7601,458,265,Beyond Control The Texas Trilogy,7.99,"Books > Mystery, Thriller & Suspense > Thrillers & Suspense",Kat Martin,1420143190,368.0,Zebra ,English,,6.1 ounces,,BEYOND REASON,6.79,"Books > Literature & Fiction > Fiction > Mysteries, Thrillers & Suspense > Thrillers & Suspense > Crime",MARTIN KAT,143156,400.0,Kensington Pub Corp,English,6.75 x 4.25 x 1.00 Inches,,,0
63661,63661,778,2285,"A Clash of Kings A Song of Ice and Fire, Book 2",9.79,Books > Literature & Fiction > Action & Adventure,George R. R. Martin,553579908,1040.0,Bantam; Reissue edition ,English,4.2 x 1.6 x 6.9 inches,1.1 pounds,4.6,CLASH OF KINGS,9.79,Books > Literature & Fiction > Fiction > Science Fiction & Fantasy > Fantasy > Epic > Best seller ranking: > # > 1416 >  > in > Books > # > 87 >  > in > Books > Literature & Fiction > # > 11 >  > in > Books > Literature & Fiction > Fantasy,"MARTIN, GEORGE",3579905,1040.0,Random House,English,6.75 x 4.25 x 1.75 Inches,,4.75,1
21033,21033,2054,780,The Murder on the Links,10.7,Books > Literature & Fiction > Genre Fiction,Agatha Christie,62073869,272.0,William Morrow Paperbacks; Reprint edition ,English,5.3 x 0.6 x 8 inches,13.6 ounces,4.3,Murder in Mesopotamia,11.33,"Books > Literature & Fiction > Fiction > Mysteries, Thrillers & Suspense > Mystery & Detective > Traditional","Christie, Agatha",2073903,264.0,HarperCollins,English,8.00 x 5.50 x 1.00 Inches,,,0
52085,52085,1476,1866,The Spy Who Came in from the Cold,13.33,"Books > Mystery, Thriller & Suspense > Thrillers & Suspense",John le Carr,143124757,240.0,Penguin Books; Reprint edition ,English,5.5 x 0.6 x 8.2 inches,7.8 ounces,4.4,Cold Fire,6.48,Books > Literature & Fiction > Fiction > Media Tie-Ins > Best seller ranking: > # > 7074 >  > in > Books > # > 629 >  > in > Books > Literature & Fiction > # > 38 >  > in > Books > Literature & Fiction > Movie & TV Tie-Ins,"Passarella, John",1166750,334.0,Random House,English,7.25 x 5.50 x 1.00 Inches,,,0
3857,3857,2629,128,Grey En espanol,9.0,Books > Literature & Fiction > Women's Fiction,E L James,1101971541,640.0,Vintage Espanol ,Spanish,5.2 x 1.1 x 8 inches,1 pounds,4.4,Fifty Shades of Grey (Movie Tie-In Edition),14.89,Books > Literature & Fiction > Fiction > Romance > Contemporary > Best seller ranking: > # > 3681 >  > in > Books > # > 284 >  > in > Books > Literature & Fiction > # > 17 >  > in > Books > Literature & Fiction > Movie & TV Tie-Ins,"JAMES, E L",4172070,528.0,Random House Inc,English,8.00 x 5.10 x 0.90 Inches,,5.0,0
31681,31681,192,1136,Darker,9.25,Books > Literature & Fiction > Women's Fiction,E L James,385543913,560.0,Vintage ,English,5.2 x 0.9 x 8 inches,1.9 pounds,4.7,A Darker Shade of Magic,15.99,Books > Literature & Fiction > Fiction > Science Fiction & Fantasy > Fantasy > Historical,V. E. Schwab,5376457,400.0,Tom Doherty AssociatesTor Books,English,213.61 x 5.78 x 1.36 Millimeters,,,0
27369,27369,2010,1007,The Murder at the Vicarage Miss Marple Mysteries,8.98,Books > Literature & Fiction > Genre Fiction,Agatha Christie,62073605,304.0,William Morrow Paperbacks; Reprint edition ,English,5.3 x 0.7 x 8 inches,8 ounces,4.3,The Murder at the Vicarage,8.98,"Books > Literature & Fiction > Fiction > Mysteries, Thrillers & Suspense > Mystery & Detective > Traditional > Best seller ranking: > # > 34777 >  > in > Books > # > 438 >  > in > Books > Mystery & Suspense > # > 9 >  > in > Books > Mystery & Suspense > Traditional British","Christie, Agatha",207360X,285.0,HarperCollins,English,8.50 x 5.75 x 1.00 Inches,,,0
24658,24658,95,908,The Nature of the Beast,10.87,"Books > Mystery, Thriller & Suspense > Mystery",Louise Penny,125002210X,400.0,Minotaur Books; Reprint edition ,English,5.4 x 1.1 x 8.3 inches,12 ounces,4.6,A Trick of the Light,14.53,"Books > Literature & Fiction > Fiction > Mysteries, Thrillers & Suspense > Mystery & Detective > Traditional > Best seller ranking: > # > 49827 >  > in > Books > # > 667 >  > in > Books > Mystery & Suspense > # > 125 >  > in > Books > Mystery & Suspense > General",Louise Penny,7341,368.0,St. Martin's PressMinotaur Books,English,208.03 x 5.65 x 25.27 Millimeters,,5.0,0
43505,43505,843,1571,"Dragons of Autumn Twilight Dragonlance Chronicles, Volume I",7.99,Books > Literature & Fiction > Action & Adventure,Margaret Weis Tracy Hickman,786915749,448.0,Wizards of the Coast; Reissue edition ,English,4.2 x 1.2 x 6.9 inches,8 ounces,4.6,The Sword of Midras,3.99,Books > Literature & Fiction > Fiction > Science Fiction & Fantasy > Fantasy > Epic,Tracy Hickman Richard Garriott,076538230X,336.0,Tom Doherty AssociatesTor Books,English,217.93 x 145.80 x 1.20 Millimeters,,,0
35884,35884,2631,1262,Vengeance in Death Mass Market Paperback ,7.99,"Books > Mystery, Thriller & Suspense > Mystery",J. D. Robb,425160394,384.0,Berkley; Reissue edition ,English,4.2 x 1 x 6.8 inches,6.4 ounces,4.7,Memory in Death,7.08,Books > Literature & Fiction > Fiction > Romance > Suspense,J. D. Robb,521073X,384.0,BerkleyPenguin Publishing Group,English,6.77 x 4.20 x 1.00 Inches (US),,5.0,0
4152,4152,979,139,Babylon's Ashes The Expanse,11.55,Books > Science Fiction & Fantasy > Science Fiction,James S. A. Corey,316217646,576.0,Orbit; Reprint edition ,English,6 x 1.5 x 9.2 inches,1.3 pounds,4.3,BABYLONS ASHES,16.31,Books > Literature & Fiction > Fiction > Science Fiction & Fantasy > Science Fiction > Action & Adventure,"Corey, James S. A.",,,"Little, Brown Book Group",,,,,0
4383,4383,1700,143,Rule of Two Star Wars,7.19,Books > Literature & Fiction > Action & Adventure,Drew Karpyshyn,345477499,352.0,Del Rey; Reprint edition ,English,4.2 x 1 x 6.9 inches,7.2 ounces,4.5,Star Wars,7.08,Books > Literature & Fiction > Fiction > Science Fiction & Fantasy > Science Fiction > Action & Adventure > Best seller ranking: > # > 8428 >  > in > Books > # > 760 >  > in > Books > Literature & Fiction > # > 48 >  > in > Books > Literature & Fiction > Science Fiction,"Karpyshyn, Drew",345511573,319.0,Random House,English,7.00 x 4.25 x 1.00 Inches,,5.0,0
20768,20768,1083,770,Death's Mistress,8.15,Books > Literature & Fiction > Action & Adventure,Terry Goodkind,765388235,656.0,Tor Fantasy; Reprint edition ,English,4.2 x 1.4 x 6.9 inches,8.5 ounces,4.3,Death's Mistress,22.99,Books > Literature & Fiction > Fiction > Science Fiction & Fantasy > Fantasy > Epic,Terry Goodkind,5388216,512.0,Tom Doherty AssociatesTor Books,English,9.40 x 6.48 x 38.86 Inches (US),,,1
32537,32537,140,1159,The Queen of Hearts Hardcover ,17.1,Books > Literature & Fiction > Genre Fiction,Kimmery Martin,399585052,,Berkley ,English,6.3 x 1.2 x 9.3 inches,1.2 pounds,4.6,A Storm of Swords,14.97,Books > Literature & Fiction > Fiction > Science Fiction & Fantasy > Fantasy > General > Best seller ranking: > # > 9433 >  > in > Books > # > 863 >  > in > Books > Literature & Fiction > # > 76 >  > in > Books > Literature & Fiction > Fantasy,"Martin, George R. R.",3381706,1008.0,Random House Inc,English,6.25 x 9.50 x 2.00 Inches,,5.0,0
67934,67934,765,2426,The Last Mile Memory Man series,8.49,Books > Literature & Fiction > Action & Adventure,David Baldacci,1455586447,560.0,Vision; Reprint edition ,English,4.2 x 1.1 x 7.6 inches,9.9 ounces,4.6,"SIXTH MAN, THE",7.82,"Books > Literature & Fiction > Fiction > Mysteries, Thrillers & Suspense > Thrillers & Suspense > Suspense",David Baldacci,6573094,576.0,Grand Central Publishing,English,7.50 x 4.25 x 1.25 Inches (US),,5.0,0
51881,51881,1630,1856,Child of a Mad God,17.1,Books > Literature & Fiction > Genre Fiction,R. A. Salvatore,765395274,496.0,Tor Books ,English,6.5 x 1.6 x 9.4 inches,1.5 pounds,4.4,The Children of Hurin,13.02,Books > Literature & Fiction > Fiction > Science Fiction & Fantasy > Fantasy > General > Best seller ranking: > # > 35185 >  > in > Books > # > 90 >  > in > Books > Miscellaneous,"Lee, Alan Tolkien, Christopher Tolkien, J. R. R.",8894640,313.0,Houghton Mifflin Harcourt,English,5.75 x 8.50 x 1.00 Inches,,4.4,0
66393,66393,2074,2372,Day of Wrath Dies Irae,6.39,"Books > Mystery, Thriller & Suspense > Thrillers & Suspense",William R. Forstchen,1625781547,188.0,"Spectrum Literary Agency, Inc. ",English,5.2 x 0.4 x 8 inches,4 ounces,4.6,A Storm of Swords,25.9,Books > Literature & Fiction > Fiction > Science Fiction & Fantasy > Fantasy > General > Best seller ranking: > # > 1744 >  > in > Books > # > 121 >  > in > Books > Literature & Fiction > # > 16 >  > in > Books > Literature & Fiction > Fantasy,"Martin, George R. R.",3106630,973.0,Random House Inc,English,6.50 x 9.50 x 2.25 Inches,,5.0,0
24311,24311,577,899,Island of the Mad,25.2,"Books > Mystery, Thriller & Suspense > Mystery",Laurie R. King,804177961,,Bantam ,English,6.1 x 0.8 x 9.2 inches,1.2 pounds,,The House of Thunder,9.99,"Books > Literature & Fiction > Fiction > Mysteries, Thrillers & Suspense > Thrillers & Suspense > Suspense","Koontz, Dean R.",042523147X,422.0,Berkley Pub Group,English,7.50 x 4.25 x 1.00 Inches,,,0
51578,51578,1325,1854,Abaddon's Gate The Expanse,,Books > Science Fiction & Fantasy > Science Fiction,James S. A. Corey,316129070,576.0,Orbit; First Edition edition ,English,6 x 1.5 x 9.2 inches,1.6 pounds,4.3,Abaddon's Gate,14.84,Books > Literature & Fiction > Fiction > Science Fiction & Fantasy > Science Fiction > Action & Adventure,James S. A. Corey,6129074,576.0,Orbit,English,9.25 x 6.00 x 1.50 Inches (US),,,0
67185,67185,1369,2406,A Darker Shade of Magic,10.87,Books > Literature & Fiction > Action & Adventure,V. E. Schwab,765376466,416.0,Tor Books; Reprint edition ,English,5.5 x 1.1 x 8.2 inches,12.6 ounces,4.4,Fifty Shades Darker,16.98,Books > Literature & Fiction > Fiction > Romance > Contemporary,"James, E. L.",5431884,550.0,Random House Inc,English,8.00 x 5.50 x 1.00 Inches,,5.0,0
30740,30740,476,1106,"The Wheel of Time, Box Set 3",15.05,Books > Science Fiction & Fantasy > Fantasy,Robert Jordan,765344939,2400.0,Tor Books; 1 edition ,English,4.2 x 4.6 x 6.9 inches,2.6 pounds,4.7,Career of Evil,10.7,"Books > Literature & Fiction > Fiction > Mysteries, Thrillers & Suspense > Mystery & Detective > Crime",Robert Galbraith,6349890,512.0,"Mulholland BooksLittle, Brown and Company",English,8.25 x 5.50 x 1.50 Inches (US),,,0
15844,15844,1114,563,Needful Things,8.99,"Books > Mystery, Thriller & Suspense > Thrillers & Suspense",Stephen King,1501143786,960.0,Pocket Books; Reissue edition ,English,4.1 x 1.6 x 7.5 inches,13.6 ounces,4.3,Needful Things ,9.74,Books > Literature & Fiction > Fiction > Horror,Stephen King,1143780,960.0,Pocket Books,English,190.50 x 104.78 x 40.64 Millimeters,,,1
61693,61693,2074,2210,Day of Wrath Dies Irae,6.39,"Books > Mystery, Thriller & Suspense > Thrillers & Suspense",William R. Forstchen,1625781547,188.0,"Spectrum Literary Agency, Inc. ",English,5.2 x 0.4 x 8 inches,4 ounces,4.6,El senor de los anillos / The Lord of the Rings,13.22,Books > Literature & Fiction > Fiction > Science Fiction & Fantasy > Fantasy > Epic,"Tolkien, J. R. R.",712731,480.0,Two Rivers Distribution,Spanish,7.50 x 5.00 x 1.50 Inches,,,0
60544,60544,315,2159,The Last Unicorn Paperback ,10.87,Books > Comics & Graphic Novels > Graphic Novels,Peter S. Beagle,451450523,304.0,Ace; Reissue edition ,English,5.3 x 0.6 x 8 inches,8.5 ounces,4.5,The Chronicles of Narnia (Paperback),29.07,Books > Literature & Fiction > Fiction > Science Fiction & Fantasy > Fantasy > Epic,"Lewis, C. S.",7117302,,,,,,,0
34708,34708,1819,1220,Inferno Robert Langdon,7.61,Books > Literature & Fiction > Action & Adventure,Dan Brown,1400079152,624.0,Anchor; 1st Printing edition ,English,4.2 x 1.4 x 7.5 inches,8.8 ounces,4.1,INFERNO,7.61,Books > Walmart Best Sellers > Best seller ranking: > # > 1928 >  > in > Books > # > 135 >  > in > Books > Literature & Fiction > # > 18 >  > in > Books > Literature & Fiction > Mystery & Suspense,"BROWN, DAN",79154,624.0,Random House,English,7.75 x 4.25 x 1.50 Inches,,,1
42847,42847,3114,1543,The Perks of Being a Wallflower Paperback ,10.19,Books > Literature & Fiction > Genre Fiction,Stephen Chbosky,1451696191,224.0,MTV Books; Media Tie-In edition ,English,5 x 0.5 x 7 inches,7.2 ounces,4.6,The Eyes of the Dragon,13.89,Books > Literature & Fiction > Fiction > Science Fiction & Fantasy > Fantasy > Epic,Stephen King,1501192205,384.0,Gallery Books,English,209.55 x 134.94 x 1.00 Inches,,,0
18656,18656,1715,675,The Dark Tower V,8.99,Books > Literature & Fiction > Genre Fiction,Stephen King,141651693X,960.0,Pocket Books; First Edition edition ,English,4.1 x 1.5 x 7.5 inches,15.2 ounces,4.6,"DARK TOWER I (MTI), THE",8.3,Books > Literature & Fiction > Fiction > Science Fiction & Fantasy > Fantasy > Dark Fantasy,Stephen King,1166111,384.0,Pocket Books,English,190.50 x 104.78 x 25.40 Millimeters,,,0
45957,45957,2269,1664,Nora Roberts Sign of Seven Trilogy Box Set Mass Market Paperback ,19.09,Books > Romance > Paranormal,Nora Roberts,515146013,1.0,Berkley; Box Slp edition ,English,4.2 x 2.8 x 6.8 inches,1.2 pounds,4.7,Bay of Sighs,9.73,Books > Literature & Fiction > Fiction > Romance > Contemporary > Best seller ranking: > # > 1227 >  > in > Books > # > 57 >  > in > Books > ARCHIVE > # > 14 >  > in > Books > ARCHIVE > Books Misc,Nora Roberts,042528011X,352.0,BerkleyPenguin Publishing Group,English,,,5.0,0
9903,9903,834,343,A Dance with Dragons A Song of Ice and Fire,7.99,Books > Literature & Fiction > Action & Adventure,George R. R. Martin,553582011,1152.0,Bantam; Reprint edition ,English,4.2 x 1.8 x 6.9 inches,1 pounds,4.3,The Legend of Drizzt Book 1,16.45,Books > Literature & Fiction > Fiction > Science Fiction & Fantasy > Fantasy > Epic,"Salvatore, R. A.",6965379,936.0,Wizards of the Coast,English,5.00 x 8.50 x 2.25 Inches,,,0
60346,60346,118,2150,The Skaar Invasion The Fall of Shannara,18.3,Books > Literature & Fiction > Action & Adventure,Terry Brooks,553391518,,Del Rey ,English,6.1 x 1 x 9.2 inches,1.4 pounds,,ELFSTONES OF SHANNARA (THE SHANNARA CHRONICLES BOO,7.05,Books > Literature & Fiction > Fiction > Science Fiction & Fantasy > Fantasy > Epic,"BROOKS, TERRY",1886057,576.0,Random House,English,7.00 x 4.25 x 1.50 Inches,,,0
3350,3350,2230,109,The Art of Magic,27.19,Books > Arts & Photography > History & Criticism,James Wyatt,1421587807,224.0,Perfect Square; 1st edition ,English,10 x 1 x 11.2 inches,3.7 pounds,4.8,An Echo of Things to Come,19.89,Books > Literature & Fiction > Fiction > Science Fiction & Fantasy > Fantasy > Epic,James Islington,316274119,752.0,Orbit,English,9.50 x 6.50 x 2.25 Inches (US),,,0
27918,27918,3083,1026,The Walking Dead,37.78,Books > Comics & Graphic Novels > Graphic Novels,Robert Kirkman,1632154560,1088.0,Image Comics; 3 edition ,English,6.5 x 2.2 x 10.1 inches,4.7 pounds,4.8,The Walking Dead Compendium (Volume 2) (Issues #49-96) (Paperback),38.2,Books > Comic Books & Graphic Novels > General > Best seller ranking: > # > 8 >  > in > Books > # > 3 >  > in > Books > Literature & Fiction > # > 2 >  > in > Books > Literature & Fiction > Comics & Graphic Novels,Robert Kirkman,7065965,1068.0,Image Comics,English,10.25 x 6.75 x 1.75 Inches,,4.8857,0
61128,61128,1174,2181,Final Girls,12.78,"Books > Mystery, Thriller & Suspense > Thrillers & Suspense",Riley Sager,1101985380,352.0,Dutton; Reprint edition ,English,5.4 x 0.8 x 8.3 inches,9.6 ounces,4.2,FINAL GIRLS,12.78,"Books > Literature & Fiction > Fiction > Mysteries, Thrillers & Suspense > Thrillers & Suspense > Suspense",Riley Sager,1101985380,352.0,DuttonPenguin Publishing Group,English,,,,1
70770,70770,1532,2568,Tales from the Canyons of the Damned,36.71,Books > Literature & Fiction > Genre Fiction,Daniel Arthur Smith,1946777501,222.0,Holt Smith Limited ,English,6 x 0.5 x 9 inches,13.9 ounces,5.0,The Big Book of Batman,16.99,Books > Children's & Kids' Books > Children's Comic Books & Graphic Novels > Superheroes,Noah Smith,1941367461,32.0,Downtown Bookworks,English,10.00 x 10.00 x 12.70 Inches (US),,,0
30376,30376,3094,1097,The World of Ice & Fire,35.99,Books > Literature & Fiction > Genre Fiction,George R. R. Martin Elio Garcia Linda Antonsson,553805444,,Bantam; Later Printing edition ,English,9.3 x 1.4 x 12.1 inches,4.1 pounds,4.6,The Lord Of The Rings,13.04,Books > Literature & Fiction > Fiction > Science Fiction & Fantasy > Fantasy > Epic,"Tolkien, J. R. R.",8574990,,Houghton Mifflin Harcourt,English,5.00 x 8.50 x 4.00 Inches,,,0
72378,72378,1951,2698,A Midsummer Night's Dream Folger Shakespeare Library,5.39,Books > Literature & Fiction > Dramas & Plays,William Shakespeare,743477545,256.0,Simon & Schuster; unknown edition ,English,4.2 x 0.7 x 6.8 inches,5 ounces,4.4,A Midsummer Night's Dream,4.06,Books > Children's & Kids' Books > Children's Classics,"Shakespeare, William",,76.0,Capstone Pr Inc,,8.00 x 5.75 x 0.25 Inches,,,0
4696,4696,1566,157,Shadows of the Stone Benders The Anlon Cully Chronicles,14.39,Books > Literature & Fiction > Action & Adventure,K Patrick Donoghue,997316403,316.0,"Leaping Leopard Enterprises, LLC; 1 edition ",English,6 x 0.8 x 9 inches,1 pounds,4.1,The Left Hand of Darkness,8.99,Books > Literature & Fiction > Fiction > Classics,Ursula K. Le Guin,1478122,352.0,AcePenguin Publishing Group,English,,,,0
33630,33630,205,1185,The Hitchhiker's Guide to the Galaxy Mass Market Paperback ,6.8,Books > Comics & Graphic Novels > Graphic Novels,Douglas Adams,345391802,224.0,Del Rey; First Edition edition ,English,4.2 x 0.6 x 6.9 inches,1.6 ounces,4.5,The Ultimate Hitchhiker's Guide to the Galaxy,13.59,Books > Literature & Fiction > Fiction > Science Fiction & Fantasy > Science Fiction > Action & Adventure > Best seller ranking: > # > 2030 >  > in > Books > # > 146 >  > in > Books > Literature & Fiction > # > 9 >  > in > Books > Literature & Fiction > Science Fiction,"Adams, Douglas",5453740,815.0,Random House Inc,English,6.25 x 9.25 x 1.75 Inches,,4.7143,0
56699,56699,552,2038,Career of Evil A Cormoran Strike Novel,12.01,"Books > Mystery, Thriller & Suspense > Thrillers & Suspense",Robert Galbraith,316349895,512.0,Mulholland Books; Reprint edition ,English,5.5 x 1.5 x 8.2 inches,15.2 ounces,4.5,WHEEL OF TIME 2 BOX SETBOX SET #22,14.27,Books > Literature & Fiction > Fiction > Science Fiction & Fantasy > Fantasy > Epic > Best seller ranking: > # > 7059 >  > in > Books > # > 628 >  > in > Books > Literature & Fiction > # > 54 >  > in > Books > Literature & Fiction > Fantasy,Robert Jordan,2540112,0.0,Tom Doherty AssociatesTor Books,English,175.26 x 107.95 x 124.46 Millimeters,,5.0,0
13153,13153,577,463,Island of the Mad,25.2,"Books > Mystery, Thriller & Suspense > Mystery",Laurie R. King,804177961,,Bantam ,English,6.1 x 0.8 x 9.2 inches,1.2 pounds,,Storm of the Century,14.7,Books > Literature & Fiction > Fiction > Horror > Best seller ranking: > # > 9727 >  > in > Books > # > 897 >  > in > Books > Literature & Fiction > # > 28 >  > in > Books > Literature & Fiction > Horror,Stephen King,067103264X,400.0,Gallery Books,English,9.25 x 155.57 x 1.10 Inches (US),,2.0,0
9168,9168,1765,318,A Fall of Marigolds Paperback ,12.82,Books > Literature & Fiction > Genre Fiction,Susan Meissner,045141991X,400.0,Berkley ,English,5.1 x 0.8 x 8.3 inches,9.6 ounces,4.5,The Girls of Mischief Bay,9.64,Books > Literature & Fiction > Fiction > Contemporary Women,"Mallery, Susan",8317745,401.0,Harlequin Books,English,9.00 x 5.75 x 1.00 Inches,,,0
13132,13132,1331,463,The Bazaar of Bad Dreams,8.3,Books > Literature & Fiction > Genre Fiction,Stephen King,150112787X,704.0,Pocket Books; Reprint edition ,English,4.1 x 1.6 x 7.5 inches,1.1 pounds,4.4,Storm of the Century,14.7,Books > Literature & Fiction > Fiction > Horror > Best seller ranking: > # > 9727 >  > in > Books > # > 897 >  > in > Books > Literature & Fiction > # > 28 >  > in > Books > Literature & Fiction > Horror,Stephen King,067103264X,400.0,Gallery Books,English,9.25 x 155.57 x 1.10 Inches (US),,2.0,0
53819,53819,1247,1932,The Shining Mass Market Paperback ,5.69,Books > Literature & Fiction > Genre Fiction,Stephen King,9.78E+12,688.0,Anchor; Reissue edition ,English,4.2 x 1.1 x 6.9 inches,9.6 ounces,4.7,"SHINING, THE",5.69,Books > Literature & Fiction > Fiction > Horror > Best seller ranking: > # > 1058 >  > in > Books > # > 65 >  > in > Books > Literature & Fiction > # > 1 >  > in > Books > Literature & Fiction > Horror,"KING, STEPHEN",7743656,688.0,Random House,English,7.00 x 4.00 x 1.00 Inches,,5.0,1
42830,42830,1124,1543,The Eyes of the Dragon,11.59,Books > Literature & Fiction > Action & Adventure,Stephen King,1501192205,384.0,Gallery Books; Reprint edition ,English,5.3 x 1 x 8.2 inches,10.1 ounces,4.5,The Eyes of the Dragon,13.89,Books > Literature & Fiction > Fiction > Science Fiction & Fantasy > Fantasy > Epic,Stephen King,1501192205,384.0,Gallery Books,English,209.55 x 134.94 x 1.00 Inches,,,1
48109,48109,2968,1742,Misadventures of a College Girl Misadventures Series,11.69,Books > Literature & Fiction > United States,Lauren Rowe,1947222996,280.0,Waterhouse Press ,English,5.2 x 0.8 x 8 inches,9.4 ounces,4.9,Misadventures of a College Girl,11.69,Books > Literature & Fiction > Fiction > Romance > Contemporary,"Rowe, Lauren",1947222996,252.0,Ingram Pub Services,English,8.00 x 5.25 x 0.75 Inches,,,1
38060,38060,591,1361,The Late Show Paperback ,14.39,"Books > Mystery, Thriller & Suspense > Thrillers & Suspense",Michael Connelly,1455524239,448.0,Grand Central Publishing; Reprint edition ,English,5.2 x 1.2 x 8 inches,12 ounces,4.3,The Late Show,13.25,"Books > Literature & Fiction > Fiction > Mysteries, Thrillers & Suspense > Mystery & Detective > Women Sleuths",Michael Connelly,1455524239,448.0,Grand Central Publishing,English,8.00 x 5.25 x 1.25 Inches (US),,,1
824,824,59,32,The Couple Next Door,12.8,"Books > Mystery, Thriller & Suspense > Thrillers & Suspense",Shari Lapena,735221103,336.0,Penguin Books; Reprint edition ,English,5.2 x 0.6 x 8 inches,8 ounces,4.1,The Couple Next Door,13.59,Books > Literature & Fiction > Fiction > Psychological,"Lapena, Shari",143284010X,435.0,Christian Large Print,,5.50 x 8.50 x 1.00 Inches,,,1
66018,66018,568,2362,The Enchanted Forest Chronicles,22.39,"Books > Children's Books > Fairy Tales, Folk Tales & Myths",Patricia C. Wrede,544542649,1120.0,HMH Books for Young Readers; Box edition ,English,5.1 x 2.9 x 7.6 inches,2.4 pounds,4.8,The Chronicles of Narnia,23.58,Books > Literature & Fiction > Fiction > Classics,"Lewis, C. S.",598244,778.0,Harpercollins Childrens Books,English,9.75 x 6.50 x 2.25 Inches,,5.0,0
33930,33930,1246,1191,Two Kinds of Truth A Harry Bosch Novel,17.15,"Books > Mystery, Thriller & Suspense > Thrillers & Suspense",Michael Connelly,316225908,,"Little, Brown and Company; 1st Edition edition ",English,10 x 1 x 5 inches,1 pounds,4.7,Heir of Novron,14.46,Books > Literature & Fiction > Fiction > Science Fiction & Fantasy > Fantasy > Epic,Michael J. Sullivan,6187712,960.0,Orbit,English,8.25 x 5.50 x 1.75 Inches (US),,,0
44447,44447,2406,1608,Flight of the White Wolf Mass Market Paperback ,6.47,Books > Literature & Fiction > United States,Terry Spear,1492655783,352.0,Sourcebooks Casablanca ,English,4.2 x 1.1 x 6.8 inches,5.9 ounces,3.9,The Measure of the Magic,7.99,Books > Literature & Fiction > Fiction > Science Fiction & Fantasy > Fantasy > Epic,"Brooks, Terry",5484229,467.0,Random House,English,7.25 x 4.75 x 1.00 Inches,,,0
58586,58586,1452,2091,A Conjuring of Light,11.59,Books > Literature & Fiction > Action & Adventure,V. E. Schwab,765387476,640.0,Tor Books; Reprint edition ,English,5.5 x 1.7 x 8.2 inches,1.2 pounds,4.7,A Darker Shade of Magic Collector's Edition ,19.99,Books > Literature & Fiction > Fiction > Science Fiction & Fantasy > Fantasy > Historical,V. E. Schwab,765399113,432.0,Tom Doherty AssociatesTor Books,English,8.54 x 147.57 x 34.67 Inches (US),,,0
33391,33391,798,1180,The Tower of Swallows The Witcher,10.87,Books > Literature & Fiction > Action & Adventure,Andrzej Sapkowski David French,316273716,464.0,Orbit ,English,5.5 x 1.2 x 8.2 inches,14.4 ounces,4.5,At the Sign of Triumph,8.51,Books > Literature & Fiction > Fiction > Science Fiction & Fantasy > Science Fiction > Military,David Weber,765364638,1040.0,Tom Doherty AssociatesTor Science Fiction,English,6.75 x 104.78 x 39.69 Inches (US),,,0
18882,18882,2574,681,Fifty Shades of Grey,9.17,Books > Literature & Fiction > Women's Fiction,E L James,345803485,514.0,Vintage Books; 1 edition ,English,5.1 x 1 x 8 inches,12 ounces,4.2,The Adventures of Indiana Jones,16.07,Books > Literature & Fiction > Fiction > Action & Adventure,"MacGregor, Rob Kahn, James Black, Campbell",5501275,602.0,Random House Inc,English,6.25 x 9.25 x 1.25 Inches,,,0
6108,6108,747,208,The Bear and the Nightingale,11.0,Books > Literature & Fiction > Action & Adventure,Katherine Arden,1101885955,368.0,Del Rey; Reprint edition ,English,5.5 x 0.8 x 8.2 inches,9.6 ounces,4.5,The Bear and the Nightingale,11.0,Books > Literature & Fiction > Fiction > Science Fiction & Fantasy > Fantasy > Action & Adventure,"Arden, Katherine",1885954,347.0,Random House Inc,English,8.50 x 5.50 x 1.00 Inches,,,1
30354,30354,577,1097,Island of the Mad,25.2,"Books > Mystery, Thriller & Suspense > Mystery",Laurie R. King,804177961,,Bantam ,English,6.1 x 0.8 x 9.2 inches,1.2 pounds,,The Lord Of The Rings,13.04,Books > Literature & Fiction > Fiction > Science Fiction & Fantasy > Fantasy > Epic,"Tolkien, J. R. R.",8574990,,Houghton Mifflin Harcourt,English,5.00 x 8.50 x 4.00 Inches,,,0
